[2026-08-16T04:48:30.567Z] [info] %cDownload the React DevTools for a better development experience: https://react.dev/link/react-devtools font-weight:bold
[2026-08-16T04:48:32.290Z] [log] [HMR] connected
[2026-08-16T04:48:34.493Z] [log] [Fast Refresh] rebuilding
[2026-08-16T04:48:36.898Z] [log] [Fast Refresh] done in 1822ms
[2026-08-16T04:52:10.603Z] [log] [Fast Refresh] rebuilding
[2026-08-16T04:52:14.316Z] [error] ./src/components/GradingOverlay.tsx:3:1
Error: Module not found: Can't resolve '@/data/examData'
  1 | "use client";
  2 |
> 3 | import { GRADE_STEPS } from "@/data/examData";
    | ^^^^^^^^^^^^^^^^^^^^^^^^^^^^^^^^^^^^^^^^^^^^^^
  4 |
  5 | export function GradingOverlay({ gradeStep }: { gradeStep: number }) {
  6 |   return (

Import map: aliased to relative './src/data/examData' inside of [project]/

Import traces:
  Client Component Browser:
    ./src/components/GradingOverlay.tsx [Client Component Browser]
    ./src/components/ExamPracticeApp.tsx [Client Component Browser]
    ./src/components/ExamPracticeApp.tsx [Server Component]
    ./src/app/page.tsx [Server Component]

  Client Component SSR:
    ./src/components/GradingOverlay.tsx [Client Component SSR]
    ./src/components/ExamPracticeApp.tsx [Client Component SSR]
    ./src/components/ExamPracticeApp.tsx [Server Component]
    ./src/app/page.tsx [Server Component]

https://nextjs.org/docs/messages/module-not-found
[2026-08-16T04:52:14.379Z] [error] ./src/components/Sidebar.tsx:15:1
Error: Module not found: Can't resolve '@/data/examData'
  13 |   UploadCloud,
  14 | } from "lucide-react";
> 15 | import { QUESTIONS } from "@/data/examData";
     | ^^^^^^^^^^^^^^^^^^^^^^^^^^^^^^^^^^^^^^^^^^^^
  16 | import type { Screen } from "@/lib/types";
  17 |
  18 | interface NavItem {

Import map: aliased to relative './src/data/examData' inside of [project]/

Import traces:
  Client Component Browser:
    ./src/components/Sidebar.tsx [Client Component Browser]
    ./src/components/ExamPracticeApp.tsx [Client Component Browser]
    ./src/components/ExamPracticeApp.tsx [Server Component]
    ./src/app/page.tsx [Server Component]

  Client Component SSR:
    ./src/components/Sidebar.tsx [Client Component SSR]
    ./src/components/ExamPracticeApp.tsx [Client Component SSR]
    ./src/components/ExamPracticeApp.tsx [Server Component]
    ./src/app/page.tsx [Server Component]

https://nextjs.org/docs/messages/module-not-found
[2026-08-16T04:52:14.387Z] [error] ./src/components/screens/GradedScreen.tsx:4:1
Error: Module not found: Can't resolve '@/data/examData'
  2 |
  3 | import type { CSSProperties } from "react";
> 4 | import { GRADES, QUESTIONS } from "@/data/examData";
    | ^^^^^^^^^^^^^^^^^^^^^^^^^^^^^^^^^^^^^^^^^^^^^^^^^^^^
  5 | import { Rich } from "@/components/Rich";
  6 | import type { ExamPracticeState } from "@/hooks/useExamPractice";
  7 |

Import map: aliased to relative './src/data/examData' inside of [project]/

Import traces:
  Client Component Browser:
    ./src/components/screens/GradedScreen.tsx [Client Component Browser]
    ./src/components/ExamPracticeApp.tsx [Client Component Browser]
    ./src/components/ExamPracticeApp.tsx [Server Component]
    ./src/app/page.tsx [Server Component]

  Client Component SSR:
    ./src/components/screens/GradedScreen.tsx [Client Component SSR]
    ./src/components/ExamPracticeApp.tsx [Client Component SSR]
    ./src/components/ExamPracticeApp.tsx [Server Component]
    ./src/app/page.tsx [Server Component]

https://nextjs.org/docs/messages/module-not-found
[2026-08-16T04:52:14.388Z] [error] ./src/components/screens/LibraryScreen.tsx:3:1
Error: Module not found: Can't resolve '@/data/examData'
  1 | "use client";
  2 |
> 3 | import { PAPERS } from "@/data/examData";
    | ^^^^^^^^^^^^^^^^^^^^^^^^^^^^^^^^^^^^^^^^^
  4 | import type { Screen } from "@/lib/types";
  5 |
  6 | function tagStyle(kind: string) {

Import map: aliased to relative './src/data/examData' inside of [project]/

Import traces:
  Client Component Browser:
    ./src/components/screens/LibraryScreen.tsx [Client Component Browser]
    ./src/components/ExamPracticeApp.tsx [Client Component Browser]
    ./src/components/ExamPracticeApp.tsx [Server Component]
    ./src/app/page.tsx [Server Component]

  Client Component SSR:
    ./src/components/screens/LibraryScreen.tsx [Client Component SSR]
    ./src/components/ExamPracticeApp.tsx [Client Component SSR]
    ./src/components/ExamPracticeApp.tsx [Server Component]
    ./src/app/page.tsx [Server Component]

https://nextjs.org/docs/messages/module-not-found
[2026-08-16T04:52:14.388Z] [error] ./src/components/screens/PracticeScreen.tsx:3:1
Error: Module not found: Can't resolve '@/data/examData'
  1 | "use client";
  2 |
> 3 | import { PRACTICE } from "@/data/examData";
    | ^^^^^^^^^^^^^^^^^^^^^^^^^^^^^^^^^^^^^^^^^^^
  4 | import { Rich } from "@/components/Rich";
  5 | import type { ExamPracticeState } from "@/hooks/useExamPractice";
  6 |

Import map: aliased to relative './src/data/examData' inside of [project]/

Import traces:
  Client Component Browser:
    ./src/components/screens/PracticeScreen.tsx [Client Component Browser]
    ./src/components/ExamPracticeApp.tsx [Client Component Browser]
    ./src/components/ExamPracticeApp.tsx [Server Component]
    ./src/app/page.tsx [Server Component]

  Client Component SSR:
    ./src/components/screens/PracticeScreen.tsx [Client Component SSR]
    ./src/components/ExamPracticeApp.tsx [Client Component SSR]
    ./src/components/ExamPracticeApp.tsx [Server Component]
    ./src/app/page.tsx [Server Component]

https://nextjs.org/docs/messages/module-not-found
[2026-08-16T04:52:14.420Z] [error] ./src/components/screens/ReviewScreen.tsx:3:1
Error: Module not found: Can't resolve '@/data/examData'
  1 | "use client";
  2 |
> 3 | import { QUESTIONS } from "@/data/examData";
    | ^^^^^^^^^^^^^^^^^^^^^^^^^^^^^^^^^^^^^^^^^^^^
  4 | import { Rich } from "@/components/Rich";
  5 | import type { ExamPracticeState } from "@/hooks/useExamPractice";
  6 |

Import map: aliased to relative './src/data/examData' inside of [project]/

Import traces:
  Client Component Browser:
    ./src/components/screens/ReviewScreen.tsx [Client Component Browser]
    ./src/components/ExamPracticeApp.tsx [Client Component Browser]
    ./src/components/ExamPracticeApp.tsx [Server Component]
    ./src/app/page.tsx [Server Component]

  Client Component SSR:
    ./src/components/screens/ReviewScreen.tsx [Client Component SSR]
    ./src/components/ExamPracticeApp.tsx [Client Component SSR]
    ./src/components/ExamPracticeApp.tsx [Server Component]
    ./src/app/page.tsx [Server Component]

https://nextjs.org/docs/messages/module-not-found
[2026-08-16T04:52:14.420Z] [error] ./src/components/screens/SourcesScreen.tsx:3:1
Error: Module not found: Can't resolve '@/data/examData'
  1 | "use client";
  2 |
> 3 | import { SOURCES, SOURCE_GEN_STEPS, SOURCE_TOPICS } from "@/data/examData";
    | ^^^^^^^^^^^^^^^^^^^^^^^^^^^^^^^^^^^^^^^^^^^^^^^^^^^^^^^^^^^^^^^^^^^^^^^^^^^
  4 | import type { ExamPracticeState } from "@/hooks/useExamPractice";
  5 |
  6 | const COUNT_OPTIONS = ["4", "6", "8"];

Import map: aliased to relative './src/data/examData' inside of [project]/

Import traces:
  Client Component Browser:
    ./src/components/screens/SourcesScreen.tsx [Client Component Browser]
    ./src/components/ExamPracticeApp.tsx [Client Component Browser]
    ./src/components/ExamPracticeApp.tsx [Server Component]
    ./src/app/page.tsx [Server Component]

  Client Component SSR:
    ./src/components/screens/SourcesScreen.tsx [Client Component SSR]
    ./src/components/ExamPracticeApp.tsx [Client Component SSR]
    ./src/components/ExamPracticeApp.tsx [Server Component]
    ./src/app/page.tsx [Server Component]

https://nextjs.org/docs/messages/module-not-found
[2026-08-16T04:52:14.426Z] [error] ./src/components/screens/UploadScreen.tsx:4:1
Error: Module not found: Can't resolve '@/data/examData'
  2 |
  3 | import { UploadCloud } from "lucide-react";
> 4 | import { UPLOAD_STEPS } from "@/data/examData";
    | ^^^^^^^^^^^^^^^^^^^^^^^^^^^^^^^^^^^^^^^^^^^^^^^
  5 | import type { ExamPracticeState } from "@/hooks/useExamPractice";
  6 |
  7 | export function UploadScreen({ state }: { state: ExamPracticeState }) {

Import map: aliased to relative './src/data/examData' inside of [project]/

Import traces:
  Client Component Browser:
    ./src/components/screens/UploadScreen.tsx [Client Component Browser]
    ./src/components/ExamPracticeApp.tsx [Client Component Browser]
    ./src/components/ExamPracticeApp.tsx [Server Component]
    ./src/app/page.tsx [Server Component]

  Client Component SSR:
    ./src/components/screens/UploadScreen.tsx [Client Component SSR]
    ./src/components/ExamPracticeApp.tsx [Client Component SSR]
    ./src/components/ExamPracticeApp.tsx [Server Component]
    ./src/app/page.tsx [Server Component]

https://nextjs.org/docs/messages/module-not-found
[2026-08-16T04:52:14.426Z] [error] ./src/components/screens/WeakScreen.tsx:3:1
Error: Module not found: Can't resolve '@/data/examData'
  1 | "use client";
  2 |
> 3 | import { ERROR_TYPES, HEAT, TOPICS, TREND } from "@/data/examData";
    | ^^^^^^^^^^^^^^^^^^^^^^^^^^^^^^^^^^^^^^^^^^^^^^^^^^^^^^^^^^^^^^^^^^^
  4 | import type { Screen } from "@/lib/types";
  5 |
  6 | const HEAT_CELL_COLORS = ["transparent", "var(--color-accent-200)", "var(--color-...

Import map: aliased to relative './src/data/examData' inside of [project]/

Import traces:
  Client Component Browser:
    ./src/components/screens/WeakScreen.tsx [Client Component Browser]
    ./src/components/ExamPracticeApp.tsx [Client Component Browser]
    ./src/components/ExamPracticeApp.tsx [Server Component]
    ./src/app/page.tsx [Server Component]

  Client Component SSR:
    ./src/components/screens/WeakScreen.tsx [Client Component SSR]
    ./src/components/ExamPracticeApp.tsx [Client Component SSR]
    ./src/components/ExamPracticeApp.tsx [Server Component]
    ./src/app/page.tsx [Server Component]

https://nextjs.org/docs/messages/module-not-found
[2026-08-16T04:52:14.561Z] [error] ./src/hooks/useExamPractice.ts:4:1
Error: Module not found: Can't resolve '@/data/examData'
   2 |
   3 | import { useCallback, useEffect, useMemo, useRef, useState } from "react";
>  4 | import {
     | ^^^^^^^
>  5 |   PRACTICE,
     | ^^^^^^^^^^^
>  6 |   QUESTIONS,
     | ^^^^^^^^^^^^
>  7 |   SEED_ANSWERS,
     | ^^^^^^^^^^^^^^^
>  8 |   SOURCES,
     | ^^^^^^^^^^
>  9 |   SOURCE_GEN_STEPS,
     | ^^^^^^^^^^^^^^^^^^^
> 10 |   SOURCE_TOPICS,
     | ^^^^^^^^^^^^^^^^
> 11 | } from "@/data/examData";
     | ^^^^^^^^^^^^^^^^^^^^^^^^^
  12 | import type { GradeTone, PreviewMode, Screen, WorkItem } from "@/lib/types";
  13 |
  14 | export interface UseExamPracticeOptions {

Import map: aliased to relative './src/data/examData' inside of [project]/

Import traces:
  Client Component Browser:
    ./src/hooks/useExamPractice.ts [Client Component Browser]
    ./src/components/ExamPracticeApp.tsx [Client Component Browser]
    ./src/components/ExamPracticeApp.tsx [Server Component]
    ./src/app/page.tsx [Server Component]

  Client Component SSR:
    ./src/hooks/useExamPractice.ts [Client Component SSR]
    ./src/components/ExamPracticeApp.tsx [Client Component SSR]
    ./src/components/ExamPracticeApp.tsx [Server Component]
    ./src/app/page.tsx [Server Component]

https://nextjs.org/docs/messages/module-not-found
[2026-08-16T04:52:19.951Z] [error] ./src/components/GradingOverlay.tsx:3:1
Error: Module not found: Can't resolve '@/data/examData'
  1 | "use client";
  2 |
> 3 | import { GRADE_STEPS } from "@/data/examData";
    | ^^^^^^^^^^^^^^^^^^^^^^^^^^^^^^^^^^^^^^^^^^^^^^
  4 |
  5 | export function GradingOverlay({ gradeStep }: { gradeStep: number }) {
  6 |   return (

Import map: aliased to relative './src/data/examData' inside of [project]/

Import traces:
  Client Component Browser:
    ./src/components/GradingOverlay.tsx [Client Component Browser]
    ./src/components/ExamPracticeApp.tsx [Client Component Browser]
    ./src/components/ExamPracticeApp.tsx [Server Component]
    ./src/app/page.tsx [Server Component]

  Client Component SSR:
    ./src/components/GradingOverlay.tsx [Client Component SSR]
    ./src/components/ExamPracticeApp.tsx [Client Component SSR]
    ./src/components/ExamPracticeApp.tsx [Server Component]
    ./src/app/page.tsx [Server Component]

https://nextjs.org/docs/messages/module-not-found
[2026-08-16T04:52:19.952Z] [error] ./src/components/Sidebar.tsx:15:1
Error: Module not found: Can't resolve '@/data/examData'
  13 |   UploadCloud,
  14 | } from "lucide-react";
> 15 | import { QUESTIONS } from "@/data/examData";
     | ^^^^^^^^^^^^^^^^^^^^^^^^^^^^^^^^^^^^^^^^^^^^
  16 | import type { Screen } from "@/lib/types";
  17 |
  18 | interface NavItem {

Import map: aliased to relative './src/data/examData' inside of [project]/

Import traces:
  Client Component Browser:
    ./src/components/Sidebar.tsx [Client Component Browser]
    ./src/components/ExamPracticeApp.tsx [Client Component Browser]
    ./src/components/ExamPracticeApp.tsx [Server Component]
    ./src/app/page.tsx [Server Component]

  Client Component SSR:
    ./src/components/Sidebar.tsx [Client Component SSR]
    ./src/components/ExamPracticeApp.tsx [Client Component SSR]
    ./src/components/ExamPracticeApp.tsx [Server Component]
    ./src/app/page.tsx [Server Component]

https://nextjs.org/docs/messages/module-not-found
[2026-08-16T04:52:19.952Z] [error] ./src/components/screens/GradedScreen.tsx:4:1
Error: Module not found: Can't resolve '@/data/examData'
  2 |
  3 | import type { CSSProperties } from "react";
> 4 | import { GRADES, QUESTIONS } from "@/data/examData";
    | ^^^^^^^^^^^^^^^^^^^^^^^^^^^^^^^^^^^^^^^^^^^^^^^^^^^^
  5 | import { Rich } from "@/components/Rich";
  6 | import type { ExamPracticeState } from "@/hooks/useExamPractice";
  7 |

Import map: aliased to relative './src/data/examData' inside of [project]/

Import traces:
  Client Component Browser:
    ./src/components/screens/GradedScreen.tsx [Client Component Browser]
    ./src/components/ExamPracticeApp.tsx [Client Component Browser]
    ./src/components/ExamPracticeApp.tsx [Server Component]
    ./src/app/page.tsx [Server Component]

  Client Component SSR:
    ./src/components/screens/GradedScreen.tsx [Client Component SSR]
    ./src/components/ExamPracticeApp.tsx [Client Component SSR]
    ./src/components/ExamPracticeApp.tsx [Server Component]
    ./src/app/page.tsx [Server Component]

https://nextjs.org/docs/messages/module-not-found
[2026-08-16T04:52:19.952Z] [error] ./src/components/screens/LibraryScreen.tsx:3:1
Error: Module not found: Can't resolve '@/data/examData'
  1 | "use client";
  2 |
> 3 | import { PAPERS } from "@/data/examData";
    | ^^^^^^^^^^^^^^^^^^^^^^^^^^^^^^^^^^^^^^^^^
  4 | import type { Screen } from "@/lib/types";
  5 |
  6 | function tagStyle(kind: string) {

Import map: aliased to relative './src/data/examData' inside of [project]/

Import traces:
  Client Component Browser:
    ./src/components/screens/LibraryScreen.tsx [Client Component Browser]
    ./src/components/ExamPracticeApp.tsx [Client Component Browser]
    ./src/components/ExamPracticeApp.tsx [Server Component]
    ./src/app/page.tsx [Server Component]

  Client Component SSR:
    ./src/components/screens/LibraryScreen.tsx [Client Component SSR]
    ./src/components/ExamPracticeApp.tsx [Client Component SSR]
    ./src/components/ExamPracticeApp.tsx [Server Component]
    ./src/app/page.tsx [Server Component]

https://nextjs.org/docs/messages/module-not-found
[2026-08-16T04:52:19.955Z] [error] ./src/components/screens/PracticeScreen.tsx:3:1
Error: Module not found: Can't resolve '@/data/examData'
  1 | "use client";
  2 |
> 3 | import { PRACTICE } from "@/data/examData";
    | ^^^^^^^^^^^^^^^^^^^^^^^^^^^^^^^^^^^^^^^^^^^
  4 | import { Rich } from "@/components/Rich";
  5 | import type { ExamPracticeState } from "@/hooks/useExamPractice";
  6 |

Import map: aliased to relative './src/data/examData' inside of [project]/

Import traces:
  Client Component Browser:
    ./src/components/screens/PracticeScreen.tsx [Client Component Browser]
    ./src/components/ExamPracticeApp.tsx [Client Component Browser]
    ./src/components/ExamPracticeApp.tsx [Server Component]
    ./src/app/page.tsx [Server Component]

  Client Component SSR:
    ./src/components/screens/PracticeScreen.tsx [Client Component SSR]
    ./src/components/ExamPracticeApp.tsx [Client Component SSR]
    ./src/components/ExamPracticeApp.tsx [Server Component]
    ./src/app/page.tsx [Server Component]

https://nextjs.org/docs/messages/module-not-found
[2026-08-16T04:52:19.967Z] [error] ./src/components/screens/ReviewScreen.tsx:3:1
Error: Module not found: Can't resolve '@/data/examData'
  1 | "use client";
  2 |
> 3 | import { QUESTIONS } from "@/data/examData";
    | ^^^^^^^^^^^^^^^^^^^^^^^^^^^^^^^^^^^^^^^^^^^^
  4 | import { Rich } from "@/components/Rich";
  5 | import type { ExamPracticeState } from "@/hooks/useExamPractice";
  6 |

Import map: aliased to relative './src/data/examData' inside of [project]/

Import traces:
  Client Component Browser:
    ./src/components/screens/ReviewScreen.tsx [Client Component Browser]
    ./src/components/ExamPracticeApp.tsx [Client Component Browser]
    ./src/components/ExamPracticeApp.tsx [Server Component]
    ./src/app/page.tsx [Server Component]

  Client Component SSR:
    ./src/components/screens/ReviewScreen.tsx [Client Component SSR]
    ./src/components/ExamPracticeApp.tsx [Client Component SSR]
    ./src/components/ExamPracticeApp.tsx [Server Component]
    ./src/app/page.tsx [Server Component]

https://nextjs.org/docs/messages/module-not-found
[2026-08-16T04:52:19.967Z] [error] ./src/components/screens/SourcesScreen.tsx:3:1
Error: Module not found: Can't resolve '@/data/examData'
  1 | "use client";
  2 |
> 3 | import { SOURCES, SOURCE_GEN_STEPS, SOURCE_TOPICS } from "@/data/examData";
    | ^^^^^^^^^^^^^^^^^^^^^^^^^^^^^^^^^^^^^^^^^^^^^^^^^^^^^^^^^^^^^^^^^^^^^^^^^^^
  4 | import type { ExamPracticeState } from "@/hooks/useExamPractice";
  5 |
  6 | const COUNT_OPTIONS = ["4", "6", "8"];

Import map: aliased to relative './src/data/examData' inside of [project]/

Import traces:
  Client Component Browser:
    ./src/components/screens/SourcesScreen.tsx [Client Component Browser]
    ./src/components/ExamPracticeApp.tsx [Client Component Browser]
    ./src/components/ExamPracticeApp.tsx [Server Component]
    ./src/app/page.tsx [Server Component]

  Client Component SSR:
    ./src/components/screens/SourcesScreen.tsx [Client Component SSR]
    ./src/components/ExamPracticeApp.tsx [Client Component SSR]
    ./src/components/ExamPracticeApp.tsx [Server Component]
    ./src/app/page.tsx [Server Component]

https://nextjs.org/docs/messages/module-not-found
[2026-08-16T04:52:19.967Z] [error] ./src/components/screens/UploadScreen.tsx:4:1
Error: Module not found: Can't resolve '@/data/examData'
  2 |
  3 | import { UploadCloud } from "lucide-react";
> 4 | import { UPLOAD_STEPS } from "@/data/examData";
    | ^^^^^^^^^^^^^^^^^^^^^^^^^^^^^^^^^^^^^^^^^^^^^^^
  5 | import type { ExamPracticeState } from "@/hooks/useExamPractice";
  6 |
  7 | export function UploadScreen({ state }: { state: ExamPracticeState }) {

Import map: aliased to relative './src/data/examData' inside of [project]/

Import traces:
  Client Component Browser:
    ./src/components/screens/UploadScreen.tsx [Client Component Browser]
    ./src/components/ExamPracticeApp.tsx [Client Component Browser]
    ./src/components/ExamPracticeApp.tsx [Server Component]
    ./src/app/page.tsx [Server Component]

  Client Component SSR:
    ./src/components/screens/UploadScreen.tsx [Client Component SSR]
    ./src/components/ExamPracticeApp.tsx [Client Component SSR]
    ./src/components/ExamPracticeApp.tsx [Server Component]
    ./src/app/page.tsx [Server Component]

https://nextjs.org/docs/messages/module-not-found
[2026-08-16T04:52:19.968Z] [error] ./src/components/screens/WeakScreen.tsx:3:1
Error: Module not found: Can't resolve '@/data/examData'
  1 | "use client";
  2 |
> 3 | import { ERROR_TYPES, HEAT, TOPICS, TREND } from "@/data/examData";
    | ^^^^^^^^^^^^^^^^^^^^^^^^^^^^^^^^^^^^^^^^^^^^^^^^^^^^^^^^^^^^^^^^^^^
  4 | import type { Screen } from "@/lib/types";
  5 |
  6 | const HEAT_CELL_COLORS = ["transparent", "var(--color-accent-200)", "var(--color-...

Import map: aliased to relative './src/data/examData' inside of [project]/

Import traces:
  Client Component Browser:
    ./src/components/screens/WeakScreen.tsx [Client Component Browser]
    ./src/components/ExamPracticeApp.tsx [Client Component Browser]
    ./src/components/ExamPracticeApp.tsx [Server Component]
    ./src/app/page.tsx [Server Component]

  Client Component SSR:
    ./src/components/screens/WeakScreen.tsx [Client Component SSR]
    ./src/components/ExamPracticeApp.tsx [Client Component SSR]
    ./src/components/ExamPracticeApp.tsx [Server Component]
    ./src/app/page.tsx [Server Component]

https://nextjs.org/docs/messages/module-not-found
[2026-08-16T04:52:19.968Z] [error] ./src/hooks/useExamPractice.ts:4:1
Error: Module not found: Can't resolve '@/data/examData'
   2 |
   3 | import { useCallback, useEffect, useMemo, useRef, useState } from "react";
>  4 | import {
     | ^^^^^^^
>  5 |   PRACTICE,
     | ^^^^^^^^^^^
>  6 |   QUESTIONS,
     | ^^^^^^^^^^^^
>  7 |   SEED_ANSWERS,
     | ^^^^^^^^^^^^^^^
>  8 |   SOURCES,
     | ^^^^^^^^^^
>  9 |   SOURCE_GEN_STEPS,
     | ^^^^^^^^^^^^^^^^^^^
> 10 |   SOURCE_TOPICS,
     | ^^^^^^^^^^^^^^^^
> 11 | } from "@/data/examData";
     | ^^^^^^^^^^^^^^^^^^^^^^^^^
  12 | import type { GradeTone, PreviewMode, Screen, WorkItem } from "@/lib/types";
  13 |
  14 | export interface UseExamPracticeOptions {

Import map: aliased to relative './src/data/examData' inside of [project]/

Import traces:
  Client Component Browser:
    ./src/hooks/useExamPractice.ts [Client Component Browser]
    ./src/components/ExamPracticeApp.tsx [Client Component Browser]
    ./src/components/ExamPracticeApp.tsx [Server Component]
    ./src/app/page.tsx [Server Component]

  Client Component SSR:
    ./src/hooks/useExamPractice.ts [Client Component SSR]
    ./src/components/ExamPracticeApp.tsx [Client Component SSR]
    ./src/components/ExamPracticeApp.tsx [Server Component]
    ./src/app/page.tsx [Server Component]

https://nextjs.org/docs/messages/module-not-found
[2026-08-16T04:52:19.969Z] [log] [Fast Refresh] rebuilding
[2026-08-16T04:52:31.562Z] [error] ./src/components/GradingOverlay.tsx:3:1
Error: Module not found: Can't resolve '@/data/examData'
  1 | "use client";
  2 |
> 3 | import { GRADE_STEPS } from "@/data/examData";
    | ^^^^^^^^^^^^^^^^^^^^^^^^^^^^^^^^^^^^^^^^^^^^^^
  4 |
  5 | export function GradingOverlay({ gradeStep }: { gradeStep: number }) {
  6 |   return (

Import map: aliased to relative './src/data/examData' inside of [project]/

Import traces:
  Client Component Browser:
    ./src/components/GradingOverlay.tsx [Client Component Browser]
    ./src/components/ExamPracticeApp.tsx [Client Component Browser]
    ./src/components/ExamPracticeApp.tsx [Server Component]
    ./src/app/page.tsx [Server Component]

  Client Component SSR:
    ./src/components/GradingOverlay.tsx [Client Component SSR]
    ./src/components/ExamPracticeApp.tsx [Client Component SSR]
    ./src/components/ExamPracticeApp.tsx [Server Component]
    ./src/app/page.tsx [Server Component]

https://nextjs.org/docs/messages/module-not-found
[2026-08-16T04:52:31.590Z] [error] ./src/components/Sidebar.tsx:15:1
Error: Module not found: Can't resolve '@/data/examData'
  13 |   UploadCloud,
  14 | } from "lucide-react";
> 15 | import { QUESTIONS } from "@/data/examData";
     | ^^^^^^^^^^^^^^^^^^^^^^^^^^^^^^^^^^^^^^^^^^^^
  16 | import type { Screen } from "@/lib/types";
  17 |
  18 | interface NavItem {

Import map: aliased to relative './src/data/examData' inside of [project]/

Import traces:
  Client Component Browser:
    ./src/components/Sidebar.tsx [Client Component Browser]
    ./src/components/ExamPracticeApp.tsx [Client Component Browser]
    ./src/components/ExamPracticeApp.tsx [Server Component]
    ./src/app/page.tsx [Server Component]

  Client Component SSR:
    ./src/components/Sidebar.tsx [Client Component SSR]
    ./src/components/ExamPracticeApp.tsx [Client Component SSR]
    ./src/components/ExamPracticeApp.tsx [Server Component]
    ./src/app/page.tsx [Server Component]

https://nextjs.org/docs/messages/module-not-found
[2026-08-16T04:52:31.592Z] [error] ./src/components/screens/GradedScreen.tsx:4:1
Error: Module not found: Can't resolve '@/data/examData'
  2 |
  3 | import type { CSSProperties } from "react";
> 4 | import { GRADES, QUESTIONS } from "@/data/examData";
    | ^^^^^^^^^^^^^^^^^^^^^^^^^^^^^^^^^^^^^^^^^^^^^^^^^^^^
  5 | import { Rich } from "@/components/Rich";
  6 | import type { ExamPracticeState } from "@/hooks/useExamPractice";
  7 |

Import map: aliased to relative './src/data/examData' inside of [project]/

Import traces:
  Client Component Browser:
    ./src/components/screens/GradedScreen.tsx [Client Component Browser]
    ./src/components/ExamPracticeApp.tsx [Client Component Browser]
    ./src/components/ExamPracticeApp.tsx [Server Component]
    ./src/app/page.tsx [Server Component]

  Client Component SSR:
    ./src/components/screens/GradedScreen.tsx [Client Component SSR]
    ./src/components/ExamPracticeApp.tsx [Client Component SSR]
    ./src/components/ExamPracticeApp.tsx [Server Component]
    ./src/app/page.tsx [Server Component]

https://nextjs.org/docs/messages/module-not-found
[2026-08-16T04:52:31.592Z] [error] ./src/components/screens/LibraryScreen.tsx:3:1
Error: Module not found: Can't resolve '@/data/examData'
  1 | "use client";
  2 |
> 3 | import { PAPERS } from "@/data/examData";
    | ^^^^^^^^^^^^^^^^^^^^^^^^^^^^^^^^^^^^^^^^^
  4 | import type { Screen } from "@/lib/types";
  5 |
  6 | function tagStyle(kind: string) {

Import map: aliased to relative './src/data/examData' inside of [project]/

Import traces:
  Client Component Browser:
    ./src/components/screens/LibraryScreen.tsx [Client Component Browser]
    ./src/components/ExamPracticeApp.tsx [Client Component Browser]
    ./src/components/ExamPracticeApp.tsx [Server Component]
    ./src/app/page.tsx [Server Component]

  Client Component SSR:
    ./src/components/screens/LibraryScreen.tsx [Client Component SSR]
    ./src/components/ExamPracticeApp.tsx [Client Component SSR]
    ./src/components/ExamPracticeApp.tsx [Server Component]
    ./src/app/page.tsx [Server Component]

https://nextjs.org/docs/messages/module-not-found
[2026-08-16T04:52:31.592Z] [error] ./src/components/screens/PracticeScreen.tsx:3:1
Error: Module not found: Can't resolve '@/data/examData'
  1 | "use client";
  2 |
> 3 | import { PRACTICE } from "@/data/examData";
    | ^^^^^^^^^^^^^^^^^^^^^^^^^^^^^^^^^^^^^^^^^^^
  4 | import { Rich } from "@/components/Rich";
  5 | import type { ExamPracticeState } from "@/hooks/useExamPractice";
  6 |

Import map: aliased to relative './src/data/examData' inside of [project]/

Import traces:
  Client Component Browser:
    ./src/components/screens/PracticeScreen.tsx [Client Component Browser]
    ./src/components/ExamPracticeApp.tsx [Client Component Browser]
    ./src/components/ExamPracticeApp.tsx [Server Component]
    ./src/app/page.tsx [Server Component]

  Client Component SSR:
    ./src/components/screens/PracticeScreen.tsx [Client Component SSR]
    ./src/components/ExamPracticeApp.tsx [Client Component SSR]
    ./src/components/ExamPracticeApp.tsx [Server Component]
    ./src/app/page.tsx [Server Component]

https://nextjs.org/docs/messages/module-not-found
[2026-08-16T04:52:31.593Z] [error] ./src/components/screens/ReviewScreen.tsx:3:1
Error: Module not found: Can't resolve '@/data/examData'
  1 | "use client";
  2 |
> 3 | import { QUESTIONS } from "@/data/examData";
    | ^^^^^^^^^^^^^^^^^^^^^^^^^^^^^^^^^^^^^^^^^^^^
  4 | import { Rich } from "@/components/Rich";
  5 | import type { ExamPracticeState } from "@/hooks/useExamPractice";
  6 |

Import map: aliased to relative './src/data/examData' inside of [project]/

Import traces:
  Client Component Browser:
    ./src/components/screens/ReviewScreen.tsx [Client Component Browser]
    ./src/components/ExamPracticeApp.tsx [Client Component Browser]
    ./src/components/ExamPracticeApp.tsx [Server Component]
    ./src/app/page.tsx [Server Component]

  Client Component SSR:
    ./src/components/screens/ReviewScreen.tsx [Client Component SSR]
    ./src/components/ExamPracticeApp.tsx [Client Component SSR]
    ./src/components/ExamPracticeApp.tsx [Server Component]
    ./src/app/page.tsx [Server Component]

https://nextjs.org/docs/messages/module-not-found
[2026-08-16T04:52:31.593Z] [error] ./src/components/screens/SourcesScreen.tsx:3:1
Error: Module not found: Can't resolve '@/data/examData'
  1 | "use client";
  2 |
> 3 | import { SOURCES, SOURCE_GEN_STEPS, SOURCE_TOPICS } from "@/data/examData";
    | ^^^^^^^^^^^^^^^^^^^^^^^^^^^^^^^^^^^^^^^^^^^^^^^^^^^^^^^^^^^^^^^^^^^^^^^^^^^
  4 | import type { ExamPracticeState } from "@/hooks/useExamPractice";
  5 |
  6 | const COUNT_OPTIONS = ["4", "6", "8"];

Import map: aliased to relative './src/data/examData' inside of [project]/

Import traces:
  Client Component Browser:
    ./src/components/screens/SourcesScreen.tsx [Client Component Browser]
    ./src/components/ExamPracticeApp.tsx [Client Component Browser]
    ./src/components/ExamPracticeApp.tsx [Server Component]
    ./src/app/page.tsx [Server Component]

  Client Component SSR:
    ./src/components/screens/SourcesScreen.tsx [Client Component SSR]
    ./src/components/ExamPracticeApp.tsx [Client Component SSR]
    ./src/components/ExamPracticeApp.tsx [Server Component]
    ./src/app/page.tsx [Server Component]

https://nextjs.org/docs/messages/module-not-found
[2026-08-16T04:52:31.593Z] [error] ./src/components/screens/UploadScreen.tsx:4:1
Error: Module not found: Can't resolve '@/data/examData'
  2 |
  3 | import { UploadCloud } from "lucide-react";
> 4 | import { UPLOAD_STEPS } from "@/data/examData";
    | ^^^^^^^^^^^^^^^^^^^^^^^^^^^^^^^^^^^^^^^^^^^^^^^
  5 | import type { ExamPracticeState } from "@/hooks/useExamPractice";
  6 |
  7 | export function UploadScreen({ state }: { state: ExamPracticeState }) {

Import map: aliased to relative './src/data/examData' inside of [project]/

Import traces:
  Client Component Browser:
    ./src/components/screens/UploadScreen.tsx [Client Component Browser]
    ./src/components/ExamPracticeApp.tsx [Client Component Browser]
    ./src/components/ExamPracticeApp.tsx [Server Component]
    ./src/app/page.tsx [Server Component]

  Client Component SSR:
    ./src/components/screens/UploadScreen.tsx [Client Component SSR]
    ./src/components/ExamPracticeApp.tsx [Client Component SSR]
    ./src/components/ExamPracticeApp.tsx [Server Component]
    ./src/app/page.tsx [Server Component]

https://nextjs.org/docs/messages/module-not-found
[2026-08-16T04:52:31.593Z] [error] ./src/components/screens/WeakScreen.tsx:3:1
Error: Module not found: Can't resolve '@/data/examData'
  1 | "use client";
  2 |
> 3 | import { ERROR_TYPES, HEAT, TOPICS, TREND } from "@/data/examData";
    | ^^^^^^^^^^^^^^^^^^^^^^^^^^^^^^^^^^^^^^^^^^^^^^^^^^^^^^^^^^^^^^^^^^^
  4 | import type { Screen } from "@/lib/types";
  5 |
  6 | const HEAT_CELL_COLORS = ["transparent", "var(--color-accent-200)", "var(--color-...

Import map: aliased to relative './src/data/examData' inside of [project]/

Import traces:
  Client Component Browser:
    ./src/components/screens/WeakScreen.tsx [Client Component Browser]
    ./src/components/ExamPracticeApp.tsx [Client Component Browser]
    ./src/components/ExamPracticeApp.tsx [Server Component]
    ./src/app/page.tsx [Server Component]

  Client Component SSR:
    ./src/components/screens/WeakScreen.tsx [Client Component SSR]
    ./src/components/ExamPracticeApp.tsx [Client Component SSR]
    ./src/components/ExamPracticeApp.tsx [Server Component]
    ./src/app/page.tsx [Server Component]

https://nextjs.org/docs/messages/module-not-found
[2026-08-16T04:52:31.614Z] [error] ./src/hooks/useExamPractice.ts:4:1
Error: Module not found: Can't resolve '@/data/examData'
   2 |
   3 | import { useCallback, useEffect, useMemo, useRef, useState } from "react";
>  4 | import {
     | ^^^^^^^
>  5 |   PRACTICE,
     | ^^^^^^^^^^^
>  6 |   QUESTIONS,
     | ^^^^^^^^^^^^
>  7 |   SEED_ANSWERS,
     | ^^^^^^^^^^^^^^^
>  8 |   SOURCES,
     | ^^^^^^^^^^
>  9 |   SOURCE_GEN_STEPS,
     | ^^^^^^^^^^^^^^^^^^^
> 10 |   SOURCE_TOPICS,
     | ^^^^^^^^^^^^^^^^
> 11 | } from "@/data/examData";
     | ^^^^^^^^^^^^^^^^^^^^^^^^^
  12 | import type { GradeTone, PreviewMode, Screen, WorkItem } from "@/lib/types";
  13 |
  14 | export interface UseExamPracticeOptions {

Import map: aliased to relative './src/data/examData' inside of [project]/

Import traces:
  Client Component Browser:
    ./src/hooks/useExamPractice.ts [Client Component Browser]
    ./src/components/ExamPracticeApp.tsx [Client Component Browser]
    ./src/components/ExamPracticeApp.tsx [Server Component]
    ./src/app/page.tsx [Server Component]

  Client Component SSR:
    ./src/hooks/useExamPractice.ts [Client Component SSR]
    ./src/components/ExamPracticeApp.tsx [Client Component SSR]
    ./src/components/ExamPracticeApp.tsx [Server Component]
    ./src/app/page.tsx [Server Component]

https://nextjs.org/docs/messages/module-not-found
[2026-08-16T04:52:31.615Z] [log] [Fast Refresh] rebuilding
[2026-08-16T04:52:40.085Z] [error] ./src/components/GradingOverlay.tsx:3:1
Error: Module not found: Can't resolve '@/data/examData'
  1 | "use client";
  2 |
> 3 | import { GRADE_STEPS } from "@/data/examData";
    | ^^^^^^^^^^^^^^^^^^^^^^^^^^^^^^^^^^^^^^^^^^^^^^
  4 |
  5 | export function GradingOverlay({ gradeStep }: { gradeStep: number }) {
  6 |   return (

Import map: aliased to relative './src/data/examData' inside of [project]/

Import traces:
  Client Component Browser:
    ./src/components/GradingOverlay.tsx [Client Component Browser]
    ./src/components/ExamPracticeApp.tsx [Client Component Browser]
    ./src/components/ExamPracticeApp.tsx [Server Component]
    ./src/app/page.tsx [Server Component]

  Client Component SSR:
    ./src/components/GradingOverlay.tsx [Client Component SSR]
    ./src/components/ExamPracticeApp.tsx [Client Component SSR]
    ./src/components/ExamPracticeApp.tsx [Server Component]
    ./src/app/page.tsx [Server Component]

https://nextjs.org/docs/messages/module-not-found
[2026-08-16T04:52:40.089Z] [error] ./src/components/Sidebar.tsx:15:1
Error: Module not found: Can't resolve '@/data/examData'
  13 |   UploadCloud,
  14 | } from "lucide-react";
> 15 | import { QUESTIONS } from "@/data/examData";
     | ^^^^^^^^^^^^^^^^^^^^^^^^^^^^^^^^^^^^^^^^^^^^
  16 | import type { Screen } from "@/lib/types";
  17 |
  18 | interface NavItem {

Import map: aliased to relative './src/data/examData' inside of [project]/

Import traces:
  Client Component Browser:
    ./src/components/Sidebar.tsx [Client Component Browser]
    ./src/components/ExamPracticeApp.tsx [Client Component Browser]
    ./src/components/ExamPracticeApp.tsx [Server Component]
    ./src/app/page.tsx [Server Component]

  Client Component SSR:
    ./src/components/Sidebar.tsx [Client Component SSR]
    ./src/components/ExamPracticeApp.tsx [Client Component SSR]
    ./src/components/ExamPracticeApp.tsx [Server Component]
    ./src/app/page.tsx [Server Component]

https://nextjs.org/docs/messages/module-not-found
[2026-08-16T04:52:40.089Z] [error] ./src/components/screens/GradedScreen.tsx:4:1
Error: Module not found: Can't resolve '@/data/examData'
  2 |
  3 | import type { CSSProperties } from "react";
> 4 | import { GRADES, QUESTIONS } from "@/data/examData";
    | ^^^^^^^^^^^^^^^^^^^^^^^^^^^^^^^^^^^^^^^^^^^^^^^^^^^^
  5 | import { Rich } from "@/components/Rich";
  6 | import type { ExamPracticeState } from "@/hooks/useExamPractice";
  7 |

Import map: aliased to relative './src/data/examData' inside of [project]/

Import traces:
  Client Component Browser:
    ./src/components/screens/GradedScreen.tsx [Client Component Browser]
    ./src/components/ExamPracticeApp.tsx [Client Component Browser]
    ./src/components/ExamPracticeApp.tsx [Server Component]
    ./src/app/page.tsx [Server Component]

  Client Component SSR:
    ./src/components/screens/GradedScreen.tsx [Client Component SSR]
    ./src/components/ExamPracticeApp.tsx [Client Component SSR]
    ./src/components/ExamPracticeApp.tsx [Server Component]
    ./src/app/page.tsx [Server Component]

https://nextjs.org/docs/messages/module-not-found
[2026-08-16T04:52:40.089Z] [error] ./src/components/screens/LibraryScreen.tsx:3:1
Error: Module not found: Can't resolve '@/data/examData'
  1 | "use client";
  2 |
> 3 | import { PAPERS } from "@/data/examData";
    | ^^^^^^^^^^^^^^^^^^^^^^^^^^^^^^^^^^^^^^^^^
  4 | import type { Screen } from "@/lib/types";
  5 |
  6 | function tagStyle(kind: string) {

Import map: aliased to relative './src/data/examData' inside of [project]/

Import traces:
  Client Component Browser:
    ./src/components/screens/LibraryScreen.tsx [Client Component Browser]
    ./src/components/ExamPracticeApp.tsx [Client Component Browser]
    ./src/components/ExamPracticeApp.tsx [Server Component]
    ./src/app/page.tsx [Server Component]

  Client Component SSR:
    ./src/components/screens/LibraryScreen.tsx [Client Component SSR]
    ./src/components/ExamPracticeApp.tsx [Client Component SSR]
    ./src/components/ExamPracticeApp.tsx [Server Component]
    ./src/app/page.tsx [Server Component]

https://nextjs.org/docs/messages/module-not-found
[2026-08-16T04:52:40.090Z] [error] ./src/components/screens/PracticeScreen.tsx:3:1
Error: Module not found: Can't resolve '@/data/examData'
  1 | "use client";
  2 |
> 3 | import { PRACTICE } from "@/data/examData";
    | ^^^^^^^^^^^^^^^^^^^^^^^^^^^^^^^^^^^^^^^^^^^
  4 | import { Rich } from "@/components/Rich";
  5 | import type { ExamPracticeState } from "@/hooks/useExamPractice";
  6 |

Import map: aliased to relative './src/data/examData' inside of [project]/

Import traces:
  Client Component Browser:
    ./src/components/screens/PracticeScreen.tsx [Client Component Browser]
    ./src/components/ExamPracticeApp.tsx [Client Component Browser]
    ./src/components/ExamPracticeApp.tsx [Server Component]
    ./src/app/page.tsx [Server Component]

  Client Component SSR:
    ./src/components/screens/PracticeScreen.tsx [Client Component SSR]
    ./src/components/ExamPracticeApp.tsx [Client Component SSR]
    ./src/components/ExamPracticeApp.tsx [Server Component]
    ./src/app/page.tsx [Server Component]

https://nextjs.org/docs/messages/module-not-found
[2026-08-16T04:52:40.091Z] [error] ./src/components/screens/ReviewScreen.tsx:3:1
Error: Module not found: Can't resolve '@/data/examData'
  1 | "use client";
  2 |
> 3 | import { QUESTIONS } from "@/data/examData";
    | ^^^^^^^^^^^^^^^^^^^^^^^^^^^^^^^^^^^^^^^^^^^^
  4 | import { Rich } from "@/components/Rich";
  5 | import type { ExamPracticeState } from "@/hooks/useExamPractice";
  6 |

Import map: aliased to relative './src/data/examData' inside of [project]/

Import traces:
  Client Component Browser:
    ./src/components/screens/ReviewScreen.tsx [Client Component Browser]
    ./src/components/ExamPracticeApp.tsx [Client Component Browser]
    ./src/components/ExamPracticeApp.tsx [Server Component]
    ./src/app/page.tsx [Server Component]

  Client Component SSR:
    ./src/components/screens/ReviewScreen.tsx [Client Component SSR]
    ./src/components/ExamPracticeApp.tsx [Client Component SSR]
    ./src/components/ExamPracticeApp.tsx [Server Component]
    ./src/app/page.tsx [Server Component]

https://nextjs.org/docs/messages/module-not-found
[2026-08-16T04:52:40.091Z] [error] ./src/components/screens/SourcesScreen.tsx:3:1
Error: Module not found: Can't resolve '@/data/examData'
  1 | "use client";
  2 |
> 3 | import { SOURCES, SOURCE_GEN_STEPS, SOURCE_TOPICS } from "@/data/examData";
    | ^^^^^^^^^^^^^^^^^^^^^^^^^^^^^^^^^^^^^^^^^^^^^^^^^^^^^^^^^^^^^^^^^^^^^^^^^^^
  4 | import type { ExamPracticeState } from "@/hooks/useExamPractice";
  5 |
  6 | const COUNT_OPTIONS = ["4", "6", "8"];

Import map: aliased to relative './src/data/examData' inside of [project]/

Import traces:
  Client Component Browser:
    ./src/components/screens/SourcesScreen.tsx [Client Component Browser]
    ./src/components/ExamPracticeApp.tsx [Client Component Browser]
    ./src/components/ExamPracticeApp.tsx [Server Component]
    ./src/app/page.tsx [Server Component]

  Client Component SSR:
    ./src/components/screens/SourcesScreen.tsx [Client Component SSR]
    ./src/components/ExamPracticeApp.tsx [Client Component SSR]
    ./src/components/ExamPracticeApp.tsx [Server Component]
    ./src/app/page.tsx [Server Component]

https://nextjs.org/docs/messages/module-not-found
[2026-08-16T04:52:40.091Z] [error] ./src/components/screens/UploadScreen.tsx:4:1
Error: Module not found: Can't resolve '@/data/examData'
  2 |
  3 | import { UploadCloud } from "lucide-react";
> 4 | import { UPLOAD_STEPS } from "@/data/examData";
    | ^^^^^^^^^^^^^^^^^^^^^^^^^^^^^^^^^^^^^^^^^^^^^^^
  5 | import type { ExamPracticeState } from "@/hooks/useExamPractice";
  6 |
  7 | export function UploadScreen({ state }: { state: ExamPracticeState }) {

Import map: aliased to relative './src/data/examData' inside of [project]/

Import traces:
  Client Component Browser:
    ./src/components/screens/UploadScreen.tsx [Client Component Browser]
    ./src/components/ExamPracticeApp.tsx [Client Component Browser]
    ./src/components/ExamPracticeApp.tsx [Server Component]
    ./src/app/page.tsx [Server Component]

  Client Component SSR:
    ./src/components/screens/UploadScreen.tsx [Client Component SSR]
    ./src/components/ExamPracticeApp.tsx [Client Component SSR]
    ./src/components/ExamPracticeApp.tsx [Server Component]
    ./src/app/page.tsx [Server Component]

https://nextjs.org/docs/messages/module-not-found
[2026-08-16T04:52:40.105Z] [error] ./src/components/screens/WeakScreen.tsx:3:1
Error: Module not found: Can't resolve '@/data/examData'
  1 | "use client";
  2 |
> 3 | import { ERROR_TYPES, HEAT, TOPICS, TREND } from "@/data/examData";
    | ^^^^^^^^^^^^^^^^^^^^^^^^^^^^^^^^^^^^^^^^^^^^^^^^^^^^^^^^^^^^^^^^^^^
  4 | import type { Screen } from "@/lib/types";
  5 |
  6 | const HEAT_CELL_COLORS = ["transparent", "var(--color-accent-200)", "var(--color-...

Import map: aliased to relative './src/data/examData' inside of [project]/

Import traces:
  Client Component Browser:
    ./src/components/screens/WeakScreen.tsx [Client Component Browser]
    ./src/components/ExamPracticeApp.tsx [Client Component Browser]
    ./src/components/ExamPracticeApp.tsx [Server Component]
    ./src/app/page.tsx [Server Component]

  Client Component SSR:
    ./src/components/screens/WeakScreen.tsx [Client Component SSR]
    ./src/components/ExamPracticeApp.tsx [Client Component SSR]
    ./src/components/ExamPracticeApp.tsx [Server Component]
    ./src/app/page.tsx [Server Component]

https://nextjs.org/docs/messages/module-not-found
[2026-08-16T04:52:40.106Z] [error] ./src/hooks/useExamPractice.ts:4:1
Error: Module not found: Can't resolve '@/data/examData'
   2 |
   3 | import { useCallback, useEffect, useMemo, useRef, useState } from "react";
>  4 | import {
     | ^^^^^^^
>  5 |   PRACTICE,
     | ^^^^^^^^^^^
>  6 |   QUESTIONS,
     | ^^^^^^^^^^^^
>  7 |   SEED_ANSWERS,
     | ^^^^^^^^^^^^^^^
>  8 |   SOURCES,
     | ^^^^^^^^^^
>  9 |   SOURCE_GEN_STEPS,
     | ^^^^^^^^^^^^^^^^^^^
> 10 |   SOURCE_TOPICS,
     | ^^^^^^^^^^^^^^^^
> 11 | } from "@/data/examData";
     | ^^^^^^^^^^^^^^^^^^^^^^^^^
  12 | import type { GradeTone, PreviewMode, Screen, WorkItem } from "@/lib/types";
  13 |
  14 | export interface UseExamPracticeOptions {

Import map: aliased to relative './src/data/examData' inside of [project]/

Import traces:
  Client Component Browser:
    ./src/hooks/useExamPractice.ts [Client Component Browser]
    ./src/components/ExamPracticeApp.tsx [Client Component Browser]
    ./src/components/ExamPracticeApp.tsx [Server Component]
    ./src/app/page.tsx [Server Component]

  Client Component SSR:
    ./src/hooks/useExamPractice.ts [Client Component SSR]
    ./src/components/ExamPracticeApp.tsx [Client Component SSR]
    ./src/components/ExamPracticeApp.tsx [Server Component]
    ./src/app/page.tsx [Server Component]

https://nextjs.org/docs/messages/module-not-found
[2026-08-16T04:52:56.106Z] [error] ./src/components/GradingOverlay.tsx:3:1
Error: Module not found: Can't resolve '@/data/examData'
  1 | "use client";
  2 |
> 3 | import { GRADE_STEPS } from "@/data/examData";
    | ^^^^^^^^^^^^^^^^^^^^^^^^^^^^^^^^^^^^^^^^^^^^^^
  4 |
  5 | export function GradingOverlay({ gradeStep }: { gradeStep: number }) {
  6 |   return (

Import map: aliased to relative './src/data/examData' inside of [project]/

Import traces:
  Client Component Browser:
    ./src/components/GradingOverlay.tsx [Client Component Browser]
    ./src/components/ExamPracticeApp.tsx [Client Component Browser]
    ./src/components/ExamPracticeApp.tsx [Server Component]
    ./src/app/page.tsx [Server Component]

  Client Component SSR:
    ./src/components/GradingOverlay.tsx [Client Component SSR]
    ./src/components/ExamPracticeApp.tsx [Client Component SSR]
    ./src/components/ExamPracticeApp.tsx [Server Component]
    ./src/app/page.tsx [Server Component]

https://nextjs.org/docs/messages/module-not-found
[2026-08-16T04:52:56.109Z] [error] ./src/components/Sidebar.tsx:15:1
Error: Module not found: Can't resolve '@/data/examData'
  13 |   UploadCloud,
  14 | } from "lucide-react";
> 15 | import { QUESTIONS } from "@/data/examData";
     | ^^^^^^^^^^^^^^^^^^^^^^^^^^^^^^^^^^^^^^^^^^^^
  16 | import type { Screen } from "@/lib/types";
  17 |
  18 | interface NavItem {

Import map: aliased to relative './src/data/examData' inside of [project]/

Import traces:
  Client Component Browser:
    ./src/components/Sidebar.tsx [Client Component Browser]
    ./src/components/ExamPracticeApp.tsx [Client Component Browser]
    ./src/components/ExamPracticeApp.tsx [Server Component]
    ./src/app/page.tsx [Server Component]

  Client Component SSR:
    ./src/components/Sidebar.tsx [Client Component SSR]
    ./src/components/ExamPracticeApp.tsx [Client Component SSR]
    ./src/components/ExamPracticeApp.tsx [Server Component]
    ./src/app/page.tsx [Server Component]

https://nextjs.org/docs/messages/module-not-found
[2026-08-16T04:52:56.109Z] [error] ./src/components/screens/GradedScreen.tsx:4:1
Error: Module not found: Can't resolve '@/data/examData'
  2 |
  3 | import type { CSSProperties } from "react";
> 4 | import { GRADES, QUESTIONS } from "@/data/examData";
    | ^^^^^^^^^^^^^^^^^^^^^^^^^^^^^^^^^^^^^^^^^^^^^^^^^^^^
  5 | import { Rich } from "@/components/Rich";
  6 | import type { ExamPracticeState } from "@/hooks/useExamPractice";
  7 |

Import map: aliased to relative './src/data/examData' inside of [project]/

Import traces:
  Client Component Browser:
    ./src/components/screens/GradedScreen.tsx [Client Component Browser]
    ./src/components/ExamPracticeApp.tsx [Client Component Browser]
    ./src/components/ExamPracticeApp.tsx [Server Component]
    ./src/app/page.tsx [Server Component]

  Client Component SSR:
    ./src/components/screens/GradedScreen.tsx [Client Component SSR]
    ./src/components/ExamPracticeApp.tsx [Client Component SSR]
    ./src/components/ExamPracticeApp.tsx [Server Component]
    ./src/app/page.tsx [Server Component]

https://nextjs.org/docs/messages/module-not-found
[2026-08-16T04:52:56.109Z] [error] ./src/components/screens/LibraryScreen.tsx:3:1
Error: Module not found: Can't resolve '@/data/examData'
  1 | "use client";
  2 |
> 3 | import { PAPERS } from "@/data/examData";
    | ^^^^^^^^^^^^^^^^^^^^^^^^^^^^^^^^^^^^^^^^^
  4 | import type { Screen } from "@/lib/types";
  5 |
  6 | function tagStyle(kind: string) {

Import map: aliased to relative './src/data/examData' inside of [project]/

Import traces:
  Client Component Browser:
    ./src/components/screens/LibraryScreen.tsx [Client Component Browser]
    ./src/components/ExamPracticeApp.tsx [Client Component Browser]
    ./src/components/ExamPracticeApp.tsx [Server Component]
    ./src/app/page.tsx [Server Component]

  Client Component SSR:
    ./src/components/screens/LibraryScreen.tsx [Client Component SSR]
    ./src/components/ExamPracticeApp.tsx [Client Component SSR]
    ./src/components/ExamPracticeApp.tsx [Server Component]
    ./src/app/page.tsx [Server Component]

https://nextjs.org/docs/messages/module-not-found
[2026-08-16T04:52:56.137Z] [error] ./src/components/screens/PracticeScreen.tsx:3:1
Error: Module not found: Can't resolve '@/data/examData'
  1 | "use client";
  2 |
> 3 | import { PRACTICE } from "@/data/examData";
    | ^^^^^^^^^^^^^^^^^^^^^^^^^^^^^^^^^^^^^^^^^^^
  4 | import { Rich } from "@/components/Rich";
  5 | import type { ExamPracticeState } from "@/hooks/useExamPractice";
  6 |

Import map: aliased to relative './src/data/examData' inside of [project]/

Import traces:
  Client Component Browser:
    ./src/components/screens/PracticeScreen.tsx [Client Component Browser]
    ./src/components/ExamPracticeApp.tsx [Client Component Browser]
    ./src/components/ExamPracticeApp.tsx [Server Component]
    ./src/app/page.tsx [Server Component]

  Client Component SSR:
    ./src/components/screens/PracticeScreen.tsx [Client Component SSR]
    ./src/components/ExamPracticeApp.tsx [Client Component SSR]
    ./src/components/ExamPracticeApp.tsx [Server Component]
    ./src/app/page.tsx [Server Component]

https://nextjs.org/docs/messages/module-not-found
[2026-08-16T04:52:56.138Z] [error] ./src/components/screens/ReviewScreen.tsx:3:1
Error: Module not found: Can't resolve '@/data/examData'
  1 | "use client";
  2 |
> 3 | import { QUESTIONS } from "@/data/examData";
    | ^^^^^^^^^^^^^^^^^^^^^^^^^^^^^^^^^^^^^^^^^^^^
  4 | import { Rich } from "@/components/Rich";
  5 | import type { ExamPracticeState } from "@/hooks/useExamPractice";
  6 |

Import map: aliased to relative './src/data/examData' inside of [project]/

Import traces:
  Client Component Browser:
    ./src/components/screens/ReviewScreen.tsx [Client Component Browser]
    ./src/components/ExamPracticeApp.tsx [Client Component Browser]
    ./src/components/ExamPracticeApp.tsx [Server Component]
    ./src/app/page.tsx [Server Component]

  Client Component SSR:
    ./src/components/screens/ReviewScreen.tsx [Client Component SSR]
    ./src/components/ExamPracticeApp.tsx [Client Component SSR]
    ./src/components/ExamPracticeApp.tsx [Server Component]
    ./src/app/page.tsx [Server Component]

https://nextjs.org/docs/messages/module-not-found
[2026-08-16T04:52:56.138Z] [error] ./src/components/screens/SourcesScreen.tsx:3:1
Error: Module not found: Can't resolve '@/data/examData'
  1 | "use client";
  2 |
> 3 | import { SOURCES, SOURCE_GEN_STEPS, SOURCE_TOPICS } from "@/data/examData";
    | ^^^^^^^^^^^^^^^^^^^^^^^^^^^^^^^^^^^^^^^^^^^^^^^^^^^^^^^^^^^^^^^^^^^^^^^^^^^
  4 | import type { ExamPracticeState } from "@/hooks/useExamPractice";
  5 |
  6 | const COUNT_OPTIONS = ["4", "6", "8"];

Import map: aliased to relative './src/data/examData' inside of [project]/

Import traces:
  Client Component Browser:
    ./src/components/screens/SourcesScreen.tsx [Client Component Browser]
    ./src/components/ExamPracticeApp.tsx [Client Component Browser]
    ./src/components/ExamPracticeApp.tsx [Server Component]
    ./src/app/page.tsx [Server Component]

  Client Component SSR:
    ./src/components/screens/SourcesScreen.tsx [Client Component SSR]
    ./src/components/ExamPracticeApp.tsx [Client Component SSR]
    ./src/components/ExamPracticeApp.tsx [Server Component]
    ./src/app/page.tsx [Server Component]

https://nextjs.org/docs/messages/module-not-found
[2026-08-16T04:52:56.138Z] [error] ./src/components/screens/UploadScreen.tsx:4:1
Error: Module not found: Can't resolve '@/data/examData'
  2 |
  3 | import { UploadCloud } from "lucide-react";
> 4 | import { UPLOAD_STEPS } from "@/data/examData";
    | ^^^^^^^^^^^^^^^^^^^^^^^^^^^^^^^^^^^^^^^^^^^^^^^
  5 | import type { ExamPracticeState } from "@/hooks/useExamPractice";
  6 |
  7 | export function UploadScreen({ state }: { state: ExamPracticeState }) {

Import map: aliased to relative './src/data/examData' inside of [project]/

Import traces:
  Client Component Browser:
    ./src/components/screens/UploadScreen.tsx [Client Component Browser]
    ./src/components/ExamPracticeApp.tsx [Client Component Browser]
    ./src/components/ExamPracticeApp.tsx [Server Component]
    ./src/app/page.tsx [Server Component]

  Client Component SSR:
    ./src/components/screens/UploadScreen.tsx [Client Component SSR]
    ./src/components/ExamPracticeApp.tsx [Client Component SSR]
    ./src/components/ExamPracticeApp.tsx [Server Component]
    ./src/app/page.tsx [Server Component]

https://nextjs.org/docs/messages/module-not-found
[2026-08-16T04:52:56.149Z] [error] ./src/components/screens/WeakScreen.tsx:3:1
Error: Module not found: Can't resolve '@/data/examData'
  1 | "use client";
  2 |
> 3 | import { ERROR_TYPES, HEAT, TOPICS, TREND } from "@/data/examData";
    | ^^^^^^^^^^^^^^^^^^^^^^^^^^^^^^^^^^^^^^^^^^^^^^^^^^^^^^^^^^^^^^^^^^^
  4 | import type { Screen } from "@/lib/types";
  5 |
  6 | const HEAT_CELL_COLORS = ["transparent", "var(--color-accent-200)", "var(--color-...

Import map: aliased to relative './src/data/examData' inside of [project]/

Import traces:
  Client Component Browser:
    ./src/components/screens/WeakScreen.tsx [Client Component Browser]
    ./src/components/ExamPracticeApp.tsx [Client Component Browser]
    ./src/components/ExamPracticeApp.tsx [Server Component]
    ./src/app/page.tsx [Server Component]

  Client Component SSR:
    ./src/components/screens/WeakScreen.tsx [Client Component SSR]
    ./src/components/ExamPracticeApp.tsx [Client Component SSR]
    ./src/components/ExamPracticeApp.tsx [Server Component]
    ./src/app/page.tsx [Server Component]

https://nextjs.org/docs/messages/module-not-found
[2026-08-16T04:52:56.151Z] [error] ./src/hooks/useExamPractice.ts:4:1
Error: Module not found: Can't resolve '@/data/examData'
   2 |
   3 | import { useCallback, useEffect, useMemo, useRef, useState } from "react";
>  4 | import {
     | ^^^^^^^
>  5 |   PRACTICE,
     | ^^^^^^^^^^^
>  6 |   QUESTIONS,
     | ^^^^^^^^^^^^
>  7 |   SEED_ANSWERS,
     | ^^^^^^^^^^^^^^^
>  8 |   SOURCES,
     | ^^^^^^^^^^
>  9 |   SOURCE_GEN_STEPS,
     | ^^^^^^^^^^^^^^^^^^^
> 10 |   SOURCE_TOPICS,
     | ^^^^^^^^^^^^^^^^
> 11 | } from "@/data/examData";
     | ^^^^^^^^^^^^^^^^^^^^^^^^^
  12 | import type { GradeTone, PreviewMode, Screen, WorkItem } from "@/lib/types";
  13 |
  14 | export interface UseExamPracticeOptions {

Import map: aliased to relative './src/data/examData' inside of [project]/

Import traces:
  Client Component Browser:
    ./src/hooks/useExamPractice.ts [Client Component Browser]
    ./src/components/ExamPracticeApp.tsx [Client Component Browser]
    ./src/components/ExamPracticeApp.tsx [Server Component]
    ./src/app/page.tsx [Server Component]

  Client Component SSR:
    ./src/hooks/useExamPractice.ts [Client Component SSR]
    ./src/components/ExamPracticeApp.tsx [Client Component SSR]
    ./src/components/ExamPracticeApp.tsx [Server Component]
    ./src/app/page.tsx [Server Component]

https://nextjs.org/docs/messages/module-not-found
[2026-08-16T04:53:08.970Z] [error] ./src/components/GradingOverlay.tsx:3:1
Error: Module not found: Can't resolve '@/data/examData'
  1 | "use client";
  2 |
> 3 | import { GRADE_STEPS } from "@/data/examData";
    | ^^^^^^^^^^^^^^^^^^^^^^^^^^^^^^^^^^^^^^^^^^^^^^
  4 |
  5 | export function GradingOverlay({ gradeStep }: { gradeStep: number }) {
  6 |   return (

Import map: aliased to relative './src/data/examData' inside of [project]/

Import traces:
  Client Component Browser:
    ./src/components/GradingOverlay.tsx [Client Component Browser]
    ./src/components/ExamPracticeApp.tsx [Client Component Browser]
    ./src/components/ExamPracticeApp.tsx [Server Component]
    ./src/app/page.tsx [Server Component]

  Client Component SSR:
    ./src/components/GradingOverlay.tsx [Client Component SSR]
    ./src/components/ExamPracticeApp.tsx [Client Component SSR]
    ./src/components/ExamPracticeApp.tsx [Server Component]
    ./src/app/page.tsx [Server Component]

https://nextjs.org/docs/messages/module-not-found
[2026-08-16T04:53:08.970Z] [error] ./src/components/Sidebar.tsx:15:1
Error: Module not found: Can't resolve '@/data/examData'
  13 |   UploadCloud,
  14 | } from "lucide-react";
> 15 | import { QUESTIONS } from "@/data/examData";
     | ^^^^^^^^^^^^^^^^^^^^^^^^^^^^^^^^^^^^^^^^^^^^
  16 | import type { Screen } from "@/lib/types";
  17 |
  18 | interface NavItem {

Import map: aliased to relative './src/data/examData' inside of [project]/

Import traces:
  Client Component Browser:
    ./src/components/Sidebar.tsx [Client Component Browser]
    ./src/components/ExamPracticeApp.tsx [Client Component Browser]
    ./src/components/ExamPracticeApp.tsx [Server Component]
    ./src/app/page.tsx [Server Component]

  Client Component SSR:
    ./src/components/Sidebar.tsx [Client Component SSR]
    ./src/components/ExamPracticeApp.tsx [Client Component SSR]
    ./src/components/ExamPracticeApp.tsx [Server Component]
    ./src/app/page.tsx [Server Component]

https://nextjs.org/docs/messages/module-not-found
[2026-08-16T04:53:08.970Z] [error] ./src/components/screens/GradedScreen.tsx:4:1
Error: Module not found: Can't resolve '@/data/examData'
  2 |
  3 | import type { CSSProperties } from "react";
> 4 | import { GRADES, QUESTIONS } from "@/data/examData";
    | ^^^^^^^^^^^^^^^^^^^^^^^^^^^^^^^^^^^^^^^^^^^^^^^^^^^^
  5 | import { Rich } from "@/components/Rich";
  6 | import type { ExamPracticeState } from "@/hooks/useExamPractice";
  7 |

Import map: aliased to relative './src/data/examData' inside of [project]/

Import traces:
  Client Component Browser:
    ./src/components/screens/GradedScreen.tsx [Client Component Browser]
    ./src/components/ExamPracticeApp.tsx [Client Component Browser]
    ./src/components/ExamPracticeApp.tsx [Server Component]
    ./src/app/page.tsx [Server Component]

  Client Component SSR:
    ./src/components/screens/GradedScreen.tsx [Client Component SSR]
    ./src/components/ExamPracticeApp.tsx [Client Component SSR]
    ./src/components/ExamPracticeApp.tsx [Server Component]
    ./src/app/page.tsx [Server Component]

https://nextjs.org/docs/messages/module-not-found
[2026-08-16T04:53:08.970Z] [error] ./src/components/screens/LibraryScreen.tsx:3:1
Error: Module not found: Can't resolve '@/data/examData'
  1 | "use client";
  2 |
> 3 | import { PAPERS } from "@/data/examData";
    | ^^^^^^^^^^^^^^^^^^^^^^^^^^^^^^^^^^^^^^^^^
  4 | import type { Screen } from "@/lib/types";
  5 |
  6 | function tagStyle(kind: string) {

Import map: aliased to relative './src/data/examData' inside of [project]/

Import traces:
  Client Component Browser:
    ./src/components/screens/LibraryScreen.tsx [Client Component Browser]
    ./src/components/ExamPracticeApp.tsx [Client Component Browser]
    ./src/components/ExamPracticeApp.tsx [Server Component]
    ./src/app/page.tsx [Server Component]

  Client Component SSR:
    ./src/components/screens/LibraryScreen.tsx [Client Component SSR]
    ./src/components/ExamPracticeApp.tsx [Client Component SSR]
    ./src/components/ExamPracticeApp.tsx [Server Component]
    ./src/app/page.tsx [Server Component]

https://nextjs.org/docs/messages/module-not-found
[2026-08-16T04:53:08.975Z] [error] ./src/components/screens/PracticeScreen.tsx:3:1
Error: Module not found: Can't resolve '@/data/examData'
  1 | "use client";
  2 |
> 3 | import { PRACTICE } from "@/data/examData";
    | ^^^^^^^^^^^^^^^^^^^^^^^^^^^^^^^^^^^^^^^^^^^
  4 | import { Rich } from "@/components/Rich";
  5 | import type { ExamPracticeState } from "@/hooks/useExamPractice";
  6 |

Import map: aliased to relative './src/data/examData' inside of [project]/

Import traces:
  Client Component Browser:
    ./src/components/screens/PracticeScreen.tsx [Client Component Browser]
    ./src/components/ExamPracticeApp.tsx [Client Component Browser]
    ./src/components/ExamPracticeApp.tsx [Server Component]
    ./src/app/page.tsx [Server Component]

  Client Component SSR:
    ./src/components/screens/PracticeScreen.tsx [Client Component SSR]
    ./src/components/ExamPracticeApp.tsx [Client Component SSR]
    ./src/components/ExamPracticeApp.tsx [Server Component]
    ./src/app/page.tsx [Server Component]

https://nextjs.org/docs/messages/module-not-found
[2026-08-16T04:53:08.975Z] [error] ./src/components/screens/ReviewScreen.tsx:3:1
Error: Module not found: Can't resolve '@/data/examData'
  1 | "use client";
  2 |
> 3 | import { QUESTIONS } from "@/data/examData";
    | ^^^^^^^^^^^^^^^^^^^^^^^^^^^^^^^^^^^^^^^^^^^^
  4 | import { Rich } from "@/components/Rich";
  5 | import type { ExamPracticeState } from "@/hooks/useExamPractice";
  6 |

Import map: aliased to relative './src/data/examData' inside of [project]/

Import traces:
  Client Component Browser:
    ./src/components/screens/ReviewScreen.tsx [Client Component Browser]
    ./src/components/ExamPracticeApp.tsx [Client Component Browser]
    ./src/components/ExamPracticeApp.tsx [Server Component]
    ./src/app/page.tsx [Server Component]

  Client Component SSR:
    ./src/components/screens/ReviewScreen.tsx [Client Component SSR]
    ./src/components/ExamPracticeApp.tsx [Client Component SSR]
    ./src/components/ExamPracticeApp.tsx [Server Component]
    ./src/app/page.tsx [Server Component]

https://nextjs.org/docs/messages/module-not-found
[2026-08-16T04:53:08.975Z] [error] ./src/components/screens/SourcesScreen.tsx:3:1
Error: Module not found: Can't resolve '@/data/examData'
  1 | "use client";
  2 |
> 3 | import { SOURCES, SOURCE_GEN_STEPS, SOURCE_TOPICS } from "@/data/examData";
    | ^^^^^^^^^^^^^^^^^^^^^^^^^^^^^^^^^^^^^^^^^^^^^^^^^^^^^^^^^^^^^^^^^^^^^^^^^^^
  4 | import type { ExamPracticeState } from "@/hooks/useExamPractice";
  5 |
  6 | const COUNT_OPTIONS = ["4", "6", "8"];

Import map: aliased to relative './src/data/examData' inside of [project]/

Import traces:
  Client Component Browser:
    ./src/components/screens/SourcesScreen.tsx [Client Component Browser]
    ./src/components/ExamPracticeApp.tsx [Client Component Browser]
    ./src/components/ExamPracticeApp.tsx [Server Component]
    ./src/app/page.tsx [Server Component]

  Client Component SSR:
    ./src/components/screens/SourcesScreen.tsx [Client Component SSR]
    ./src/components/ExamPracticeApp.tsx [Client Component SSR]
    ./src/components/ExamPracticeApp.tsx [Server Component]
    ./src/app/page.tsx [Server Component]

https://nextjs.org/docs/messages/module-not-found
[2026-08-16T04:53:08.975Z] [error] ./src/components/screens/UploadScreen.tsx:4:1
Error: Module not found: Can't resolve '@/data/examData'
  2 |
  3 | import { UploadCloud } from "lucide-react";
> 4 | import { UPLOAD_STEPS } from "@/data/examData";
    | ^^^^^^^^^^^^^^^^^^^^^^^^^^^^^^^^^^^^^^^^^^^^^^^
  5 | import type { ExamPracticeState } from "@/hooks/useExamPractice";
  6 |
  7 | export function UploadScreen({ state }: { state: ExamPracticeState }) {

Import map: aliased to relative './src/data/examData' inside of [project]/

Import traces:
  Client Component Browser:
    ./src/components/screens/UploadScreen.tsx [Client Component Browser]
    ./src/components/ExamPracticeApp.tsx [Client Component Browser]
    ./src/components/ExamPracticeApp.tsx [Server Component]
    ./src/app/page.tsx [Server Component]

  Client Component SSR:
    ./src/components/screens/UploadScreen.tsx [Client Component SSR]
    ./src/components/ExamPracticeApp.tsx [Client Component SSR]
    ./src/components/ExamPracticeApp.tsx [Server Component]
    ./src/app/page.tsx [Server Component]

https://nextjs.org/docs/messages/module-not-found
[2026-08-16T04:53:08.977Z] [error] ./src/components/screens/WeakScreen.tsx:3:1
Error: Module not found: Can't resolve '@/data/examData'
  1 | "use client";
  2 |
> 3 | import { ERROR_TYPES, HEAT, TOPICS, TREND } from "@/data/examData";
    | ^^^^^^^^^^^^^^^^^^^^^^^^^^^^^^^^^^^^^^^^^^^^^^^^^^^^^^^^^^^^^^^^^^^
  4 | import type { Screen } from "@/lib/types";
  5 |
  6 | const HEAT_CELL_COLORS = ["transparent", "var(--color-accent-200)", "var(--color-...

Import map: aliased to relative './src/data/examData' inside of [project]/

Import traces:
  Client Component Browser:
    ./src/components/screens/WeakScreen.tsx [Client Component Browser]
    ./src/components/ExamPracticeApp.tsx [Client Component Browser]
    ./src/components/ExamPracticeApp.tsx [Server Component]
    ./src/app/page.tsx [Server Component]

  Client Component SSR:
    ./src/components/screens/WeakScreen.tsx [Client Component SSR]
    ./src/components/ExamPracticeApp.tsx [Client Component SSR]
    ./src/components/ExamPracticeApp.tsx [Server Component]
    ./src/app/page.tsx [Server Component]

https://nextjs.org/docs/messages/module-not-found
[2026-08-16T04:53:08.977Z] [error] ./src/hooks/useExamPractice.ts:4:1
Error: Module not found: Can't resolve '@/data/examData'
   2 |
   3 | import { useCallback, useEffect, useMemo, useRef, useState } from "react";
>  4 | import {
     | ^^^^^^^
>  5 |   PRACTICE,
     | ^^^^^^^^^^^
>  6 |   QUESTIONS,
     | ^^^^^^^^^^^^
>  7 |   SEED_ANSWERS,
     | ^^^^^^^^^^^^^^^
>  8 |   SOURCES,
     | ^^^^^^^^^^
>  9 |   SOURCE_GEN_STEPS,
     | ^^^^^^^^^^^^^^^^^^^
> 10 |   SOURCE_TOPICS,
     | ^^^^^^^^^^^^^^^^
> 11 | } from "@/data/examData";
     | ^^^^^^^^^^^^^^^^^^^^^^^^^
  12 | import type { GradeTone, PreviewMode, Screen, WorkItem } from "@/lib/types";
  13 |
  14 | export interface UseExamPracticeOptions {

Import map: aliased to relative './src/data/examData' inside of [project]/

Import traces:
  Client Component Browser:
    ./src/hooks/useExamPractice.ts [Client Component Browser]
    ./src/components/ExamPracticeApp.tsx [Client Component Browser]
    ./src/components/ExamPracticeApp.tsx [Server Component]
    ./src/app/page.tsx [Server Component]

  Client Component SSR:
    ./src/hooks/useExamPractice.ts [Client Component SSR]
    ./src/components/ExamPracticeApp.tsx [Client Component SSR]
    ./src/components/ExamPracticeApp.tsx [Server Component]
    ./src/app/page.tsx [Server Component]

https://nextjs.org/docs/messages/module-not-found
[2026-08-16T04:54:17.170Z] [log] [Fast Refresh] rebuilding
[2026-08-16T04:54:17.752Z] [error] ./src/components/GradingOverlay.tsx:3:1
Error: Module not found: Can't resolve '@/data/examData'
  1 | "use client";
  2 |
> 3 | import { GRADE_STEPS } from "@/data/examData";
    | ^^^^^^^^^^^^^^^^^^^^^^^^^^^^^^^^^^^^^^^^^^^^^^
  4 |
  5 | export function GradingOverlay({ gradeStep }: { gradeStep: number }) {
  6 |   return (

Import map: aliased to relative './src/data/examData' inside of [project]/

Import traces:
  Client Component Browser:
    ./src/components/GradingOverlay.tsx [Client Component Browser]
    ./src/components/ExamPracticeApp.tsx [Client Component Browser]
    ./src/components/ExamPracticeApp.tsx [Server Component]
    ./src/app/page.tsx [Server Component]

  Client Component SSR:
    ./src/components/GradingOverlay.tsx [Client Component SSR]
    ./src/components/ExamPracticeApp.tsx [Client Component SSR]
    ./src/components/ExamPracticeApp.tsx [Server Component]
    ./src/app/page.tsx [Server Component]

https://nextjs.org/docs/messages/module-not-found
[2026-08-16T04:54:17.779Z] [error] ./src/components/Sidebar.tsx:15:1
Error: Module not found: Can't resolve '@/data/examData'
  13 |   UploadCloud,
  14 | } from "lucide-react";
> 15 | import { QUESTIONS } from "@/data/examData";
     | ^^^^^^^^^^^^^^^^^^^^^^^^^^^^^^^^^^^^^^^^^^^^
  16 | import type { Screen } from "@/lib/types";
  17 |
  18 | interface NavItem {

Import map: aliased to relative './src/data/examData' inside of [project]/

Import traces:
  Client Component Browser:
    ./src/components/Sidebar.tsx [Client Component Browser]
    ./src/components/ExamPracticeApp.tsx [Client Component Browser]
    ./src/components/ExamPracticeApp.tsx [Server Component]
    ./src/app/page.tsx [Server Component]

  Client Component SSR:
    ./src/components/Sidebar.tsx [Client Component SSR]
    ./src/components/ExamPracticeApp.tsx [Client Component SSR]
    ./src/components/ExamPracticeApp.tsx [Server Component]
    ./src/app/page.tsx [Server Component]

https://nextjs.org/docs/messages/module-not-found
[2026-08-16T04:54:17.781Z] [error] ./src/components/screens/GradedScreen.tsx:4:1
Error: Module not found: Can't resolve '@/data/examData'
  2 |
  3 | import type { CSSProperties } from "react";
> 4 | import { GRADES, QUESTIONS } from "@/data/examData";
    | ^^^^^^^^^^^^^^^^^^^^^^^^^^^^^^^^^^^^^^^^^^^^^^^^^^^^
  5 | import { Rich } from "@/components/Rich";
  6 | import type { ExamPracticeState } from "@/hooks/useExamPractice";
  7 |

Import map: aliased to relative './src/data/examData' inside of [project]/

Import traces:
  Client Component Browser:
    ./src/components/screens/GradedScreen.tsx [Client Component Browser]
    ./src/components/ExamPracticeApp.tsx [Client Component Browser]
    ./src/components/ExamPracticeApp.tsx [Server Component]
    ./src/app/page.tsx [Server Component]

  Client Component SSR:
    ./src/components/screens/GradedScreen.tsx [Client Component SSR]
    ./src/components/ExamPracticeApp.tsx [Client Component SSR]
    ./src/components/ExamPracticeApp.tsx [Server Component]
    ./src/app/page.tsx [Server Component]

https://nextjs.org/docs/messages/module-not-found
[2026-08-16T04:54:17.781Z] [error] ./src/components/screens/LibraryScreen.tsx:3:1
Error: Module not found: Can't resolve '@/data/examData'
  1 | "use client";
  2 |
> 3 | import { PAPERS } from "@/data/examData";
    | ^^^^^^^^^^^^^^^^^^^^^^^^^^^^^^^^^^^^^^^^^
  4 | import type { Screen } from "@/lib/types";
  5 |
  6 | function tagStyle(kind: string) {

Import map: aliased to relative './src/data/examData' inside of [project]/

Import traces:
  Client Component Browser:
    ./src/components/screens/LibraryScreen.tsx [Client Component Browser]
    ./src/components/ExamPracticeApp.tsx [Client Component Browser]
    ./src/components/ExamPracticeApp.tsx [Server Component]
    ./src/app/page.tsx [Server Component]

  Client Component SSR:
    ./src/components/screens/LibraryScreen.tsx [Client Component SSR]
    ./src/components/ExamPracticeApp.tsx [Client Component SSR]
    ./src/components/ExamPracticeApp.tsx [Server Component]
    ./src/app/page.tsx [Server Component]

https://nextjs.org/docs/messages/module-not-found
[2026-08-16T04:54:17.781Z] [error] ./src/components/screens/PracticeScreen.tsx:3:1
Error: Module not found: Can't resolve '@/data/examData'
  1 | "use client";
  2 |
> 3 | import { PRACTICE } from "@/data/examData";
    | ^^^^^^^^^^^^^^^^^^^^^^^^^^^^^^^^^^^^^^^^^^^
  4 | import { Rich } from "@/components/Rich";
  5 | import type { ExamPracticeState } from "@/hooks/useExamPractice";
  6 |

Import map: aliased to relative './src/data/examData' inside of [project]/

Import traces:
  Client Component Browser:
    ./src/components/screens/PracticeScreen.tsx [Client Component Browser]
    ./src/components/ExamPracticeApp.tsx [Client Component Browser]
    ./src/components/ExamPracticeApp.tsx [Server Component]
    ./src/app/page.tsx [Server Component]

  Client Component SSR:
    ./src/components/screens/PracticeScreen.tsx [Client Component SSR]
    ./src/components/ExamPracticeApp.tsx [Client Component SSR]
    ./src/components/ExamPracticeApp.tsx [Server Component]
    ./src/app/page.tsx [Server Component]

https://nextjs.org/docs/messages/module-not-found
[2026-08-16T04:54:17.781Z] [error] ./src/components/screens/ReviewScreen.tsx:3:1
Error: Module not found: Can't resolve '@/data/examData'
  1 | "use client";
  2 |
> 3 | import { QUESTIONS } from "@/data/examData";
    | ^^^^^^^^^^^^^^^^^^^^^^^^^^^^^^^^^^^^^^^^^^^^
  4 | import { Rich } from "@/components/Rich";
  5 | import type { ExamPracticeState } from "@/hooks/useExamPractice";
  6 |

Import map: aliased to relative './src/data/examData' inside of [project]/

Import traces:
  Client Component Browser:
    ./src/components/screens/ReviewScreen.tsx [Client Component Browser]
    ./src/components/ExamPracticeApp.tsx [Client Component Browser]
    ./src/components/ExamPracticeApp.tsx [Server Component]
    ./src/app/page.tsx [Server Component]

  Client Component SSR:
    ./src/components/screens/ReviewScreen.tsx [Client Component SSR]
    ./src/components/ExamPracticeApp.tsx [Client Component SSR]
    ./src/components/ExamPracticeApp.tsx [Server Component]
    ./src/app/page.tsx [Server Component]

https://nextjs.org/docs/messages/module-not-found
[2026-08-16T04:54:17.783Z] [error] ./src/components/screens/SourcesScreen.tsx:3:1
Error: Module not found: Can't resolve '@/data/examData'
  1 | "use client";
  2 |
> 3 | import { SOURCES, SOURCE_GEN_STEPS, SOURCE_TOPICS } from "@/data/examData";
    | ^^^^^^^^^^^^^^^^^^^^^^^^^^^^^^^^^^^^^^^^^^^^^^^^^^^^^^^^^^^^^^^^^^^^^^^^^^^
  4 | import type { ExamPracticeState } from "@/hooks/useExamPractice";
  5 |
  6 | const COUNT_OPTIONS = ["4", "6", "8"];

Import map: aliased to relative './src/data/examData' inside of [project]/

Import traces:
  Client Component Browser:
    ./src/components/screens/SourcesScreen.tsx [Client Component Browser]
    ./src/components/ExamPracticeApp.tsx [Client Component Browser]
    ./src/components/ExamPracticeApp.tsx [Server Component]
    ./src/app/page.tsx [Server Component]

  Client Component SSR:
    ./src/components/screens/SourcesScreen.tsx [Client Component SSR]
    ./src/components/ExamPracticeApp.tsx [Client Component SSR]
    ./src/components/ExamPracticeApp.tsx [Server Component]
    ./src/app/page.tsx [Server Component]

https://nextjs.org/docs/messages/module-not-found
[2026-08-16T04:54:17.783Z] [error] ./src/components/screens/UploadScreen.tsx:4:1
Error: Module not found: Can't resolve '@/data/examData'
  2 |
  3 | import { UploadCloud } from "lucide-react";
> 4 | import { UPLOAD_STEPS } from "@/data/examData";
    | ^^^^^^^^^^^^^^^^^^^^^^^^^^^^^^^^^^^^^^^^^^^^^^^
  5 | import type { ExamPracticeState } from "@/hooks/useExamPractice";
  6 |
  7 | export function UploadScreen({ state }: { state: ExamPracticeState }) {

Import map: aliased to relative './src/data/examData' inside of [project]/

Import traces:
  Client Component Browser:
    ./src/components/screens/UploadScreen.tsx [Client Component Browser]
    ./src/components/ExamPracticeApp.tsx [Client Component Browser]
    ./src/components/ExamPracticeApp.tsx [Server Component]
    ./src/app/page.tsx [Server Component]

  Client Component SSR:
    ./src/components/screens/UploadScreen.tsx [Client Component SSR]
    ./src/components/ExamPracticeApp.tsx [Client Component SSR]
    ./src/components/ExamPracticeApp.tsx [Server Component]
    ./src/app/page.tsx [Server Component]

https://nextjs.org/docs/messages/module-not-found
[2026-08-16T04:54:17.783Z] [error] ./src/components/screens/WeakScreen.tsx:3:1
Error: Module not found: Can't resolve '@/data/examData'
  1 | "use client";
  2 |
> 3 | import { ERROR_TYPES, HEAT, TOPICS, TREND } from "@/data/examData";
    | ^^^^^^^^^^^^^^^^^^^^^^^^^^^^^^^^^^^^^^^^^^^^^^^^^^^^^^^^^^^^^^^^^^^
  4 | import type { Screen } from "@/lib/types";
  5 |
  6 | const HEAT_CELL_COLORS = ["transparent", "var(--color-accent-200)", "var(--color-...

Import map: aliased to relative './src/data/examData' inside of [project]/

Import traces:
  Client Component Browser:
    ./src/components/screens/WeakScreen.tsx [Client Component Browser]
    ./src/components/ExamPracticeApp.tsx [Client Component Browser]
    ./src/components/ExamPracticeApp.tsx [Server Component]
    ./src/app/page.tsx [Server Component]

  Client Component SSR:
    ./src/components/screens/WeakScreen.tsx [Client Component SSR]
    ./src/components/ExamPracticeApp.tsx [Client Component SSR]
    ./src/components/ExamPracticeApp.tsx [Server Component]
    ./src/app/page.tsx [Server Component]

https://nextjs.org/docs/messages/module-not-found
[2026-08-16T04:54:17.783Z] [error] ./src/hooks/useExamPractice.ts:4:1
Error: Module not found: Can't resolve '@/data/examData'
   2 |
   3 | import { useCallback, useEffect, useMemo, useRef, useState } from "react";
>  4 | import {
     | ^^^^^^^
>  5 |   PRACTICE,
     | ^^^^^^^^^^^
>  6 |   QUESTIONS,
     | ^^^^^^^^^^^^
>  7 |   SEED_ANSWERS,
     | ^^^^^^^^^^^^^^^
>  8 |   SOURCES,
     | ^^^^^^^^^^
>  9 |   SOURCE_GEN_STEPS,
     | ^^^^^^^^^^^^^^^^^^^
> 10 |   SOURCE_TOPICS,
     | ^^^^^^^^^^^^^^^^
> 11 | } from "@/data/examData";
     | ^^^^^^^^^^^^^^^^^^^^^^^^^
  12 | import type { GradeTone, PreviewMode, Screen, WorkItem } from "@/lib/types";
  13 |
  14 | export interface UseExamPracticeOptions {

Import map: aliased to relative './src/data/examData' inside of [project]/

Import traces:
  Client Component Browser:
    ./src/hooks/useExamPractice.ts [Client Component Browser]
    ./src/components/ExamPracticeApp.tsx [Client Component Browser]
    ./src/components/ExamPracticeApp.tsx [Server Component]
    ./src/app/page.tsx [Server Component]

  Client Component SSR:
    ./src/hooks/useExamPractice.ts [Client Component SSR]
    ./src/components/ExamPracticeApp.tsx [Client Component SSR]
    ./src/components/ExamPracticeApp.tsx [Server Component]
    ./src/app/page.tsx [Server Component]

https://nextjs.org/docs/messages/module-not-found
[2026-08-16T04:54:31.771Z] [log] [Fast Refresh] rebuilding
[2026-08-16T04:54:32.439Z] [error] ./src/components/GradingOverlay.tsx:3:1
Error: Module not found: Can't resolve '@/data/examData'
  1 | "use client";
  2 |
> 3 | import { GRADE_STEPS } from "@/data/examData";
    | ^^^^^^^^^^^^^^^^^^^^^^^^^^^^^^^^^^^^^^^^^^^^^^
  4 |
  5 | export function GradingOverlay({ gradeStep }: { gradeStep: number }) {
  6 |   return (

Import map: aliased to relative './src/data/examData' inside of [project]/

Import traces:
  Client Component Browser:
    ./src/components/GradingOverlay.tsx [Client Component Browser]
    ./src/components/ExamPracticeApp.tsx [Client Component Browser]
    ./src/components/ExamPracticeApp.tsx [Server Component]
    ./src/app/page.tsx [Server Component]

  Client Component SSR:
    ./src/components/GradingOverlay.tsx [Client Component SSR]
    ./src/components/ExamPracticeApp.tsx [Client Component SSR]
    ./src/components/ExamPracticeApp.tsx [Server Component]
    ./src/app/page.tsx [Server Component]

https://nextjs.org/docs/messages/module-not-found
[2026-08-16T04:54:32.439Z] [error] ./src/components/Sidebar.tsx:15:1
Error: Module not found: Can't resolve '@/data/examData'
  13 |   UploadCloud,
  14 | } from "lucide-react";
> 15 | import { QUESTIONS } from "@/data/examData";
     | ^^^^^^^^^^^^^^^^^^^^^^^^^^^^^^^^^^^^^^^^^^^^
  16 | import type { Screen } from "@/lib/types";
  17 |
  18 | interface NavItem {

Import map: aliased to relative './src/data/examData' inside of [project]/

Import traces:
  Client Component Browser:
    ./src/components/Sidebar.tsx [Client Component Browser]
    ./src/components/ExamPracticeApp.tsx [Client Component Browser]
    ./src/components/ExamPracticeApp.tsx [Server Component]
    ./src/app/page.tsx [Server Component]

  Client Component SSR:
    ./src/components/Sidebar.tsx [Client Component SSR]
    ./src/components/ExamPracticeApp.tsx [Client Component SSR]
    ./src/components/ExamPracticeApp.tsx [Server Component]
    ./src/app/page.tsx [Server Component]

https://nextjs.org/docs/messages/module-not-found
[2026-08-16T04:54:32.822Z] [error] ./src/components/screens/GradedScreen.tsx:4:1
Error: Module not found: Can't resolve '@/data/examData'
  2 |
  3 | import type { CSSProperties } from "react";
> 4 | import { GRADES, QUESTIONS } from "@/data/examData";
    | ^^^^^^^^^^^^^^^^^^^^^^^^^^^^^^^^^^^^^^^^^^^^^^^^^^^^
  5 | import { Rich } from "@/components/Rich";
  6 | import type { ExamPracticeState } from "@/hooks/useExamPractice";
  7 |

Import map: aliased to relative './src/data/examData' inside of [project]/

Import traces:
  Client Component Browser:
    ./src/components/screens/GradedScreen.tsx [Client Component Browser]
    ./src/components/ExamPracticeApp.tsx [Client Component Browser]
    ./src/components/ExamPracticeApp.tsx [Server Component]
    ./src/app/page.tsx [Server Component]

  Client Component SSR:
    ./src/components/screens/GradedScreen.tsx [Client Component SSR]
    ./src/components/ExamPracticeApp.tsx [Client Component SSR]
    ./src/components/ExamPracticeApp.tsx [Server Component]
    ./src/app/page.tsx [Server Component]

https://nextjs.org/docs/messages/module-not-found
[2026-08-16T04:54:32.826Z] [error] ./src/components/screens/LibraryScreen.tsx:3:1
Error: Module not found: Can't resolve '@/data/examData'
  1 | "use client";
  2 |
> 3 | import { PAPERS } from "@/data/examData";
    | ^^^^^^^^^^^^^^^^^^^^^^^^^^^^^^^^^^^^^^^^^
  4 | import type { Screen } from "@/lib/types";
  5 |
  6 | function tagStyle(kind: string) {

Import map: aliased to relative './src/data/examData' inside of [project]/

Import traces:
  Client Component Browser:
    ./src/components/screens/LibraryScreen.tsx [Client Component Browser]
    ./src/components/ExamPracticeApp.tsx [Client Component Browser]
    ./src/components/ExamPracticeApp.tsx [Server Component]
    ./src/app/page.tsx [Server Component]

  Client Component SSR:
    ./src/components/screens/LibraryScreen.tsx [Client Component SSR]
    ./src/components/ExamPracticeApp.tsx [Client Component SSR]
    ./src/components/ExamPracticeApp.tsx [Server Component]
    ./src/app/page.tsx [Server Component]

https://nextjs.org/docs/messages/module-not-found
[2026-08-16T04:54:32.826Z] [error] ./src/components/screens/PracticeScreen.tsx:3:1
Error: Module not found: Can't resolve '@/data/examData'
  1 | "use client";
  2 |
> 3 | import { PRACTICE } from "@/data/examData";
    | ^^^^^^^^^^^^^^^^^^^^^^^^^^^^^^^^^^^^^^^^^^^
  4 | import { Rich } from "@/components/Rich";
  5 | import type { ExamPracticeState } from "@/hooks/useExamPractice";
  6 |

Import map: aliased to relative './src/data/examData' inside of [project]/

Import traces:
  Client Component Browser:
    ./src/components/screens/PracticeScreen.tsx [Client Component Browser]
    ./src/components/ExamPracticeApp.tsx [Client Component Browser]
    ./src/components/ExamPracticeApp.tsx [Server Component]
    ./src/app/page.tsx [Server Component]

  Client Component SSR:
    ./src/components/screens/PracticeScreen.tsx [Client Component SSR]
    ./src/components/ExamPracticeApp.tsx [Client Component SSR]
    ./src/components/ExamPracticeApp.tsx [Server Component]
    ./src/app/page.tsx [Server Component]

https://nextjs.org/docs/messages/module-not-found
[2026-08-16T04:54:32.827Z] [error] ./src/components/screens/ReviewScreen.tsx:3:1
Error: Module not found: Can't resolve '@/data/examData'
  1 | "use client";
  2 |
> 3 | import { QUESTIONS } from "@/data/examData";
    | ^^^^^^^^^^^^^^^^^^^^^^^^^^^^^^^^^^^^^^^^^^^^
  4 | import { Rich } from "@/components/Rich";
  5 | import type { ExamPracticeState } from "@/hooks/useExamPractice";
  6 |

Import map: aliased to relative './src/data/examData' inside of [project]/

Import traces:
  Client Component Browser:
    ./src/components/screens/ReviewScreen.tsx [Client Component Browser]
    ./src/components/ExamPracticeApp.tsx [Client Component Browser]
    ./src/components/ExamPracticeApp.tsx [Server Component]
    ./src/app/page.tsx [Server Component]

  Client Component SSR:
    ./src/components/screens/ReviewScreen.tsx [Client Component SSR]
    ./src/components/ExamPracticeApp.tsx [Client Component SSR]
    ./src/components/ExamPracticeApp.tsx [Server Component]
    ./src/app/page.tsx [Server Component]

https://nextjs.org/docs/messages/module-not-found
[2026-08-16T04:54:32.877Z] [error] ./src/components/screens/SourcesScreen.tsx:3:1
Error: Module not found: Can't resolve '@/data/examData'
  1 | "use client";
  2 |
> 3 | import { SOURCES, SOURCE_GEN_STEPS, SOURCE_TOPICS } from "@/data/examData";
    | ^^^^^^^^^^^^^^^^^^^^^^^^^^^^^^^^^^^^^^^^^^^^^^^^^^^^^^^^^^^^^^^^^^^^^^^^^^^
  4 | import type { ExamPracticeState } from "@/hooks/useExamPractice";
  5 |
  6 | const COUNT_OPTIONS = ["4", "6", "8"];

Import map: aliased to relative './src/data/examData' inside of [project]/

Import traces:
  Client Component Browser:
    ./src/components/screens/SourcesScreen.tsx [Client Component Browser]
    ./src/components/ExamPracticeApp.tsx [Client Component Browser]
    ./src/components/ExamPracticeApp.tsx [Server Component]
    ./src/app/page.tsx [Server Component]

  Client Component SSR:
    ./src/components/screens/SourcesScreen.tsx [Client Component SSR]
    ./src/components/ExamPracticeApp.tsx [Client Component SSR]
    ./src/components/ExamPracticeApp.tsx [Server Component]
    ./src/app/page.tsx [Server Component]

https://nextjs.org/docs/messages/module-not-found
[2026-08-16T04:54:32.877Z] [error] ./src/components/screens/UploadScreen.tsx:4:1
Error: Module not found: Can't resolve '@/data/examData'
  2 |
  3 | import { UploadCloud } from "lucide-react";
> 4 | import { UPLOAD_STEPS } from "@/data/examData";
    | ^^^^^^^^^^^^^^^^^^^^^^^^^^^^^^^^^^^^^^^^^^^^^^^
  5 | import type { ExamPracticeState } from "@/hooks/useExamPractice";
  6 |
  7 | export function UploadScreen({ state }: { state: ExamPracticeState }) {

Import map: aliased to relative './src/data/examData' inside of [project]/

Import traces:
  Client Component Browser:
    ./src/components/screens/UploadScreen.tsx [Client Component Browser]
    ./src/components/ExamPracticeApp.tsx [Client Component Browser]
    ./src/components/ExamPracticeApp.tsx [Server Component]
    ./src/app/page.tsx [Server Component]

  Client Component SSR:
    ./src/components/screens/UploadScreen.tsx [Client Component SSR]
    ./src/components/ExamPracticeApp.tsx [Client Component SSR]
    ./src/components/ExamPracticeApp.tsx [Server Component]
    ./src/app/page.tsx [Server Component]

https://nextjs.org/docs/messages/module-not-found
[2026-08-16T04:54:32.877Z] [error] ./src/components/screens/WeakScreen.tsx:3:1
Error: Module not found: Can't resolve '@/data/examData'
  1 | "use client";
  2 |
> 3 | import { ERROR_TYPES, HEAT, TOPICS, TREND } from "@/data/examData";
    | ^^^^^^^^^^^^^^^^^^^^^^^^^^^^^^^^^^^^^^^^^^^^^^^^^^^^^^^^^^^^^^^^^^^
  4 | import type { Screen } from "@/lib/types";
  5 |
  6 | const HEAT_CELL_COLORS = ["transparent", "var(--color-accent-200)", "var(--color-...

Import map: aliased to relative './src/data/examData' inside of [project]/

Import traces:
  Client Component Browser:
    ./src/components/screens/WeakScreen.tsx [Client Component Browser]
    ./src/components/ExamPracticeApp.tsx [Client Component Browser]
    ./src/components/ExamPracticeApp.tsx [Server Component]
    ./src/app/page.tsx [Server Component]

  Client Component SSR:
    ./src/components/screens/WeakScreen.tsx [Client Component SSR]
    ./src/components/ExamPracticeApp.tsx [Client Component SSR]
    ./src/components/ExamPracticeApp.tsx [Server Component]
    ./src/app/page.tsx [Server Component]

https://nextjs.org/docs/messages/module-not-found
[2026-08-16T04:54:42.671Z] [log] [Fast Refresh] rebuilding
[2026-08-16T04:54:43.492Z] [error] ./src/components/GradingOverlay.tsx:3:1
Error: Module not found: Can't resolve '@/data/examData'
  1 | "use client";
  2 |
> 3 | import { GRADE_STEPS } from "@/data/examData";
    | ^^^^^^^^^^^^^^^^^^^^^^^^^^^^^^^^^^^^^^^^^^^^^^
  4 |
  5 | export function GradingOverlay({ gradeStep }: { gradeStep: number }) {
  6 |   return (

Import map: aliased to relative './src/data/examData' inside of [project]/

Import traces:
  Client Component Browser:
    ./src/components/GradingOverlay.tsx [Client Component Browser]
    ./src/components/ExamPracticeApp.tsx [Client Component Browser]
    ./src/components/ExamPracticeApp.tsx [Server Component]
    ./src/app/page.tsx [Server Component]

  Client Component SSR:
    ./src/components/GradingOverlay.tsx [Client Component SSR]
    ./src/components/ExamPracticeApp.tsx [Client Component SSR]
    ./src/components/ExamPracticeApp.tsx [Server Component]
    ./src/app/page.tsx [Server Component]

https://nextjs.org/docs/messages/module-not-found
[2026-08-16T04:54:43.492Z] [error] ./src/components/Sidebar.tsx:15:1
Error: Module not found: Can't resolve '@/data/examData'
  13 |   UploadCloud,
  14 | } from "lucide-react";
> 15 | import { QUESTIONS } from "@/data/examData";
     | ^^^^^^^^^^^^^^^^^^^^^^^^^^^^^^^^^^^^^^^^^^^^
  16 | import type { Screen } from "@/lib/types";
  17 |
  18 | interface NavItem {

Import map: aliased to relative './src/data/examData' inside of [project]/

Import traces:
  Client Component Browser:
    ./src/components/Sidebar.tsx [Client Component Browser]
    ./src/components/ExamPracticeApp.tsx [Client Component Browser]
    ./src/components/ExamPracticeApp.tsx [Server Component]
    ./src/app/page.tsx [Server Component]

  Client Component SSR:
    ./src/components/Sidebar.tsx [Client Component SSR]
    ./src/components/ExamPracticeApp.tsx [Client Component SSR]
    ./src/components/ExamPracticeApp.tsx [Server Component]
    ./src/app/page.tsx [Server Component]

https://nextjs.org/docs/messages/module-not-found
[2026-08-16T04:54:43.492Z] [error] ./src/components/screens/GradedScreen.tsx:4:1
Error: Module not found: Can't resolve '@/data/examData'
  2 |
  3 | import type { CSSProperties } from "react";
> 4 | import { GRADES, QUESTIONS } from "@/data/examData";
    | ^^^^^^^^^^^^^^^^^^^^^^^^^^^^^^^^^^^^^^^^^^^^^^^^^^^^
  5 | import { Rich } from "@/components/Rich";
  6 | import type { ExamPracticeState } from "@/hooks/useExamPractice";
  7 |

Import map: aliased to relative './src/data/examData' inside of [project]/

Import traces:
  Client Component Browser:
    ./src/components/screens/GradedScreen.tsx [Client Component Browser]
    ./src/components/ExamPracticeApp.tsx [Client Component Browser]
    ./src/components/ExamPracticeApp.tsx [Server Component]
    ./src/app/page.tsx [Server Component]

  Client Component SSR:
    ./src/components/screens/GradedScreen.tsx [Client Component SSR]
    ./src/components/ExamPracticeApp.tsx [Client Component SSR]
    ./src/components/ExamPracticeApp.tsx [Server Component]
    ./src/app/page.tsx [Server Component]

https://nextjs.org/docs/messages/module-not-found
[2026-08-16T04:54:43.492Z] [error] ./src/components/screens/LibraryScreen.tsx:3:1
Error: Module not found: Can't resolve '@/data/examData'
  1 | "use client";
  2 |
> 3 | import { PAPERS } from "@/data/examData";
    | ^^^^^^^^^^^^^^^^^^^^^^^^^^^^^^^^^^^^^^^^^
  4 | import type { Screen } from "@/lib/types";
  5 |
  6 | function tagStyle(kind: string) {

Import map: aliased to relative './src/data/examData' inside of [project]/

Import traces:
  Client Component Browser:
    ./src/components/screens/LibraryScreen.tsx [Client Component Browser]
    ./src/components/ExamPracticeApp.tsx [Client Component Browser]
    ./src/components/ExamPracticeApp.tsx [Server Component]
    ./src/app/page.tsx [Server Component]

  Client Component SSR:
    ./src/components/screens/LibraryScreen.tsx [Client Component SSR]
    ./src/components/ExamPracticeApp.tsx [Client Component SSR]
    ./src/components/ExamPracticeApp.tsx [Server Component]
    ./src/app/page.tsx [Server Component]

https://nextjs.org/docs/messages/module-not-found
[2026-08-16T04:54:43.495Z] [error] ./src/components/screens/PracticeScreen.tsx:3:1
Error: Module not found: Can't resolve '@/data/examData'
  1 | "use client";
  2 |
> 3 | import { PRACTICE } from "@/data/examData";
    | ^^^^^^^^^^^^^^^^^^^^^^^^^^^^^^^^^^^^^^^^^^^
  4 | import { Rich } from "@/components/Rich";
  5 | import type { ExamPracticeState } from "@/hooks/useExamPractice";
  6 |

Import map: aliased to relative './src/data/examData' inside of [project]/

Import traces:
  Client Component Browser:
    ./src/components/screens/PracticeScreen.tsx [Client Component Browser]
    ./src/components/ExamPracticeApp.tsx [Client Component Browser]
    ./src/components/ExamPracticeApp.tsx [Server Component]
    ./src/app/page.tsx [Server Component]

  Client Component SSR:
    ./src/components/screens/PracticeScreen.tsx [Client Component SSR]
    ./src/components/ExamPracticeApp.tsx [Client Component SSR]
    ./src/components/ExamPracticeApp.tsx [Server Component]
    ./src/app/page.tsx [Server Component]

https://nextjs.org/docs/messages/module-not-found
[2026-08-16T04:54:43.520Z] [error] ./src/components/screens/ReviewScreen.tsx:3:1
Error: Module not found: Can't resolve '@/data/examData'
  1 | "use client";
  2 |
> 3 | import { QUESTIONS } from "@/data/examData";
    | ^^^^^^^^^^^^^^^^^^^^^^^^^^^^^^^^^^^^^^^^^^^^
  4 | import { Rich } from "@/components/Rich";
  5 | import type { ExamPracticeState } from "@/hooks/useExamPractice";
  6 |

Import map: aliased to relative './src/data/examData' inside of [project]/

Import traces:
  Client Component Browser:
    ./src/components/screens/ReviewScreen.tsx [Client Component Browser]
    ./src/components/ExamPracticeApp.tsx [Client Component Browser]
    ./src/components/ExamPracticeApp.tsx [Server Component]
    ./src/app/page.tsx [Server Component]

  Client Component SSR:
    ./src/components/screens/ReviewScreen.tsx [Client Component SSR]
    ./src/components/ExamPracticeApp.tsx [Client Component SSR]
    ./src/components/ExamPracticeApp.tsx [Server Component]
    ./src/app/page.tsx [Server Component]

https://nextjs.org/docs/messages/module-not-found
[2026-08-16T04:54:43.521Z] [error] ./src/components/screens/SourcesScreen.tsx:3:1
Error: Module not found: Can't resolve '@/data/examData'
  1 | "use client";
  2 |
> 3 | import { SOURCES, SOURCE_GEN_STEPS, SOURCE_TOPICS } from "@/data/examData";
    | ^^^^^^^^^^^^^^^^^^^^^^^^^^^^^^^^^^^^^^^^^^^^^^^^^^^^^^^^^^^^^^^^^^^^^^^^^^^
  4 | import type { ExamPracticeState } from "@/hooks/useExamPractice";
  5 |
  6 | const COUNT_OPTIONS = ["4", "6", "8"];

Import map: aliased to relative './src/data/examData' inside of [project]/

Import traces:
  Client Component Browser:
    ./src/components/screens/SourcesScreen.tsx [Client Component Browser]
    ./src/components/ExamPracticeApp.tsx [Client Component Browser]
    ./src/components/ExamPracticeApp.tsx [Server Component]
    ./src/app/page.tsx [Server Component]

  Client Component SSR:
    ./src/components/screens/SourcesScreen.tsx [Client Component SSR]
    ./src/components/ExamPracticeApp.tsx [Client Component SSR]
    ./src/components/ExamPracticeApp.tsx [Server Component]
    ./src/app/page.tsx [Server Component]

https://nextjs.org/docs/messages/module-not-found
[2026-08-16T04:54:43.521Z] [error] ./src/components/screens/UploadScreen.tsx:4:1
Error: Module not found: Can't resolve '@/data/examData'
  2 |
  3 | import { UploadCloud } from "lucide-react";
> 4 | import { UPLOAD_STEPS } from "@/data/examData";
    | ^^^^^^^^^^^^^^^^^^^^^^^^^^^^^^^^^^^^^^^^^^^^^^^
  5 | import type { ExamPracticeState } from "@/hooks/useExamPractice";
  6 |
  7 | export function UploadScreen({ state }: { state: ExamPracticeState }) {

Import map: aliased to relative './src/data/examData' inside of [project]/

Import traces:
  Client Component Browser:
    ./src/components/screens/UploadScreen.tsx [Client Component Browser]
    ./src/components/ExamPracticeApp.tsx [Client Component Browser]
    ./src/components/ExamPracticeApp.tsx [Server Component]
    ./src/app/page.tsx [Server Component]

  Client Component SSR:
    ./src/components/screens/UploadScreen.tsx [Client Component SSR]
    ./src/components/ExamPracticeApp.tsx [Client Component SSR]
    ./src/components/ExamPracticeApp.tsx [Server Component]
    ./src/app/page.tsx [Server Component]

https://nextjs.org/docs/messages/module-not-found
[2026-08-16T04:54:43.523Z] [error] ./src/components/screens/WeakScreen.tsx:3:1
Error: Module not found: Can't resolve '@/data/examData'
  1 | "use client";
  2 |
> 3 | import { ERROR_TYPES, HEAT, TOPICS, TREND } from "@/data/examData";
    | ^^^^^^^^^^^^^^^^^^^^^^^^^^^^^^^^^^^^^^^^^^^^^^^^^^^^^^^^^^^^^^^^^^^
  4 | import type { Screen } from "@/lib/types";
  5 |
  6 | const HEAT_CELL_COLORS = ["transparent", "var(--color-accent-200)", "var(--color-...

Import map: aliased to relative './src/data/examData' inside of [project]/

Import traces:
  Client Component Browser:
    ./src/components/screens/WeakScreen.tsx [Client Component Browser]
    ./src/components/ExamPracticeApp.tsx [Client Component Browser]
    ./src/components/ExamPracticeApp.tsx [Server Component]
    ./src/app/page.tsx [Server Component]

  Client Component SSR:
    ./src/components/screens/WeakScreen.tsx [Client Component SSR]
    ./src/components/ExamPracticeApp.tsx [Client Component SSR]
    ./src/components/ExamPracticeApp.tsx [Server Component]
    ./src/app/page.tsx [Server Component]

https://nextjs.org/docs/messages/module-not-found
[2026-08-16T04:54:57.384Z] [log] [Fast Refresh] rebuilding
[2026-08-16T04:54:57.567Z] [error] ./src/components/GradingOverlay.tsx:3:1
Error: Module not found: Can't resolve '@/data/examData'
  1 | "use client";
  2 |
> 3 | import { GRADE_STEPS } from "@/data/examData";
    | ^^^^^^^^^^^^^^^^^^^^^^^^^^^^^^^^^^^^^^^^^^^^^^
  4 |
  5 | export function GradingOverlay({ gradeStep }: { gradeStep: number }) {
  6 |   return (

Import map: aliased to relative './src/data/examData' inside of [project]/

Import traces:
  Client Component Browser:
    ./src/components/GradingOverlay.tsx [Client Component Browser]
    ./src/components/ExamPracticeApp.tsx [Client Component Browser]
    ./src/components/ExamPracticeApp.tsx [Server Component]
    ./src/app/page.tsx [Server Component]

  Client Component SSR:
    ./src/components/GradingOverlay.tsx [Client Component SSR]
    ./src/components/ExamPracticeApp.tsx [Client Component SSR]
    ./src/components/ExamPracticeApp.tsx [Server Component]
    ./src/app/page.tsx [Server Component]

https://nextjs.org/docs/messages/module-not-found
[2026-08-16T04:54:57.567Z] [error] ./src/components/Sidebar.tsx:15:1
Error: Module not found: Can't resolve '@/data/examData'
  13 |   UploadCloud,
  14 | } from "lucide-react";
> 15 | import { QUESTIONS } from "@/data/examData";
     | ^^^^^^^^^^^^^^^^^^^^^^^^^^^^^^^^^^^^^^^^^^^^
  16 | import type { Screen } from "@/lib/types";
  17 |
  18 | interface NavItem {

Import map: aliased to relative './src/data/examData' inside of [project]/

Import traces:
  Client Component Browser:
    ./src/components/Sidebar.tsx [Client Component Browser]
    ./src/components/ExamPracticeApp.tsx [Client Component Browser]
    ./src/components/ExamPracticeApp.tsx [Server Component]
    ./src/app/page.tsx [Server Component]

  Client Component SSR:
    ./src/components/Sidebar.tsx [Client Component SSR]
    ./src/components/ExamPracticeApp.tsx [Client Component SSR]
    ./src/components/ExamPracticeApp.tsx [Server Component]
    ./src/app/page.tsx [Server Component]

https://nextjs.org/docs/messages/module-not-found
[2026-08-16T04:54:57.573Z] [error] ./src/components/screens/GradedScreen.tsx:4:1
Error: Module not found: Can't resolve '@/data/examData'
  2 |
  3 | import type { CSSProperties } from "react";
> 4 | import { GRADES, QUESTIONS } from "@/data/examData";
    | ^^^^^^^^^^^^^^^^^^^^^^^^^^^^^^^^^^^^^^^^^^^^^^^^^^^^
  5 | import { Rich } from "@/components/Rich";
  6 | import type { ExamPracticeState } from "@/hooks/useExamPractice";
  7 |

Import map: aliased to relative './src/data/examData' inside of [project]/

Import traces:
  Client Component Browser:
    ./src/components/screens/GradedScreen.tsx [Client Component Browser]
    ./src/components/ExamPracticeApp.tsx [Client Component Browser]
    ./src/components/ExamPracticeApp.tsx [Server Component]
    ./src/app/page.tsx [Server Component]

  Client Component SSR:
    ./src/components/screens/GradedScreen.tsx [Client Component SSR]
    ./src/components/ExamPracticeApp.tsx [Client Component SSR]
    ./src/components/ExamPracticeApp.tsx [Server Component]
    ./src/app/page.tsx [Server Component]

https://nextjs.org/docs/messages/module-not-found
[2026-08-16T04:54:57.573Z] [error] ./src/components/screens/LibraryScreen.tsx:3:1
Error: Module not found: Can't resolve '@/data/examData'
  1 | "use client";
  2 |
> 3 | import { PAPERS } from "@/data/examData";
    | ^^^^^^^^^^^^^^^^^^^^^^^^^^^^^^^^^^^^^^^^^
  4 | import type { Screen } from "@/lib/types";
  5 |
  6 | function tagStyle(kind: string) {

Import map: aliased to relative './src/data/examData' inside of [project]/

Import traces:
  Client Component Browser:
    ./src/components/screens/LibraryScreen.tsx [Client Component Browser]
    ./src/components/ExamPracticeApp.tsx [Client Component Browser]
    ./src/components/ExamPracticeApp.tsx [Server Component]
    ./src/app/page.tsx [Server Component]

  Client Component SSR:
    ./src/components/screens/LibraryScreen.tsx [Client Component SSR]
    ./src/components/ExamPracticeApp.tsx [Client Component SSR]
    ./src/components/ExamPracticeApp.tsx [Server Component]
    ./src/app/page.tsx [Server Component]

https://nextjs.org/docs/messages/module-not-found
[2026-08-16T04:54:57.573Z] [error] ./src/components/screens/PracticeScreen.tsx:3:1
Error: Module not found: Can't resolve '@/data/examData'
  1 | "use client";
  2 |
> 3 | import { PRACTICE } from "@/data/examData";
    | ^^^^^^^^^^^^^^^^^^^^^^^^^^^^^^^^^^^^^^^^^^^
  4 | import { Rich } from "@/components/Rich";
  5 | import type { ExamPracticeState } from "@/hooks/useExamPractice";
  6 |

Import map: aliased to relative './src/data/examData' inside of [project]/

Import traces:
  Client Component Browser:
    ./src/components/screens/PracticeScreen.tsx [Client Component Browser]
    ./src/components/ExamPracticeApp.tsx [Client Component Browser]
    ./src/components/ExamPracticeApp.tsx [Server Component]
    ./src/app/page.tsx [Server Component]

  Client Component SSR:
    ./src/components/screens/PracticeScreen.tsx [Client Component SSR]
    ./src/components/ExamPracticeApp.tsx [Client Component SSR]
    ./src/components/ExamPracticeApp.tsx [Server Component]
    ./src/app/page.tsx [Server Component]

https://nextjs.org/docs/messages/module-not-found
[2026-08-16T04:54:57.575Z] [error] ./src/components/screens/ReviewScreen.tsx:3:1
Error: Module not found: Can't resolve '@/data/examData'
  1 | "use client";
  2 |
> 3 | import { QUESTIONS } from "@/data/examData";
    | ^^^^^^^^^^^^^^^^^^^^^^^^^^^^^^^^^^^^^^^^^^^^
  4 | import { Rich } from "@/components/Rich";
  5 | import type { ExamPracticeState } from "@/hooks/useExamPractice";
  6 |

Import map: aliased to relative './src/data/examData' inside of [project]/

Import traces:
  Client Component Browser:
    ./src/components/screens/ReviewScreen.tsx [Client Component Browser]
    ./src/components/ExamPracticeApp.tsx [Client Component Browser]
    ./src/components/ExamPracticeApp.tsx [Server Component]
    ./src/app/page.tsx [Server Component]

  Client Component SSR:
    ./src/components/screens/ReviewScreen.tsx [Client Component SSR]
    ./src/components/ExamPracticeApp.tsx [Client Component SSR]
    ./src/components/ExamPracticeApp.tsx [Server Component]
    ./src/app/page.tsx [Server Component]

https://nextjs.org/docs/messages/module-not-found
[2026-08-16T04:54:57.575Z] [error] ./src/components/screens/SourcesScreen.tsx:3:1
Error: Module not found: Can't resolve '@/data/examData'
  1 | "use client";
  2 |
> 3 | import { SOURCES, SOURCE_GEN_STEPS, SOURCE_TOPICS } from "@/data/examData";
    | ^^^^^^^^^^^^^^^^^^^^^^^^^^^^^^^^^^^^^^^^^^^^^^^^^^^^^^^^^^^^^^^^^^^^^^^^^^^
  4 | import type { ExamPracticeState } from "@/hooks/useExamPractice";
  5 |
  6 | const COUNT_OPTIONS = ["4", "6", "8"];

Import map: aliased to relative './src/data/examData' inside of [project]/

Import traces:
  Client Component Browser:
    ./src/components/screens/SourcesScreen.tsx [Client Component Browser]
    ./src/components/ExamPracticeApp.tsx [Client Component Browser]
    ./src/components/ExamPracticeApp.tsx [Server Component]
    ./src/app/page.tsx [Server Component]

  Client Component SSR:
    ./src/components/screens/SourcesScreen.tsx [Client Component SSR]
    ./src/components/ExamPracticeApp.tsx [Client Component SSR]
    ./src/components/ExamPracticeApp.tsx [Server Component]
    ./src/app/page.tsx [Server Component]

https://nextjs.org/docs/messages/module-not-found
[2026-08-16T04:54:57.576Z] [error] ./src/components/screens/UploadScreen.tsx:4:1
Error: Module not found: Can't resolve '@/data/examData'
  2 |
  3 | import { UploadCloud } from "lucide-react";
> 4 | import { UPLOAD_STEPS } from "@/data/examData";
    | ^^^^^^^^^^^^^^^^^^^^^^^^^^^^^^^^^^^^^^^^^^^^^^^
  5 | import type { ExamPracticeState } from "@/hooks/useExamPractice";
  6 |
  7 | export function UploadScreen({ state }: { state: ExamPracticeState }) {

Import map: aliased to relative './src/data/examData' inside of [project]/

Import traces:
  Client Component Browser:
    ./src/components/screens/UploadScreen.tsx [Client Component Browser]
    ./src/components/ExamPracticeApp.tsx [Client Component Browser]
    ./src/components/ExamPracticeApp.tsx [Server Component]
    ./src/app/page.tsx [Server Component]

  Client Component SSR:
    ./src/components/screens/UploadScreen.tsx [Client Component SSR]
    ./src/components/ExamPracticeApp.tsx [Client Component SSR]
    ./src/components/ExamPracticeApp.tsx [Server Component]
    ./src/app/page.tsx [Server Component]

https://nextjs.org/docs/messages/module-not-found
[2026-08-16T04:54:57.576Z] [error] ./src/components/screens/WeakScreen.tsx:3:1
Error: Module not found: Can't resolve '@/data/examData'
  1 | "use client";
  2 |
> 3 | import { ERROR_TYPES, HEAT, TOPICS, TREND } from "@/data/examData";
    | ^^^^^^^^^^^^^^^^^^^^^^^^^^^^^^^^^^^^^^^^^^^^^^^^^^^^^^^^^^^^^^^^^^^
  4 | import type { Screen } from "@/lib/types";
  5 |
  6 | const HEAT_CELL_COLORS = ["transparent", "var(--color-accent-200)", "var(--color-...

Import map: aliased to relative './src/data/examData' inside of [project]/

Import traces:
  Client Component Browser:
    ./src/components/screens/WeakScreen.tsx [Client Component Browser]
    ./src/components/ExamPracticeApp.tsx [Client Component Browser]
    ./src/components/ExamPracticeApp.tsx [Server Component]
    ./src/app/page.tsx [Server Component]

  Client Component SSR:
    ./src/components/screens/WeakScreen.tsx [Client Component SSR]
    ./src/components/ExamPracticeApp.tsx [Client Component SSR]
    ./src/components/ExamPracticeApp.tsx [Server Component]
    ./src/app/page.tsx [Server Component]

https://nextjs.org/docs/messages/module-not-found
[2026-08-16T04:55:02.955Z] [log] [Fast Refresh] rebuilding
[2026-08-16T04:55:03.131Z] [error] ./src/components/GradingOverlay.tsx:3:1
Error: Module not found: Can't resolve '@/data/examData'
  1 | "use client";
  2 |
> 3 | import { GRADE_STEPS } from "@/data/examData";
    | ^^^^^^^^^^^^^^^^^^^^^^^^^^^^^^^^^^^^^^^^^^^^^^
  4 |
  5 | export function GradingOverlay({ gradeStep }: { gradeStep: number }) {
  6 |   return (

Import map: aliased to relative './src/data/examData' inside of [project]/

Import traces:
  Client Component Browser:
    ./src/components/GradingOverlay.tsx [Client Component Browser]
    ./src/components/ExamPracticeApp.tsx [Client Component Browser]
    ./src/components/ExamPracticeApp.tsx [Server Component]
    ./src/app/page.tsx [Server Component]

  Client Component SSR:
    ./src/components/GradingOverlay.tsx [Client Component SSR]
    ./src/components/ExamPracticeApp.tsx [Client Component SSR]
    ./src/components/ExamPracticeApp.tsx [Server Component]
    ./src/app/page.tsx [Server Component]

https://nextjs.org/docs/messages/module-not-found
[2026-08-16T04:55:03.131Z] [error] ./src/components/Sidebar.tsx:15:1
Error: Module not found: Can't resolve '@/data/examData'
  13 |   UploadCloud,
  14 | } from "lucide-react";
> 15 | import { QUESTIONS } from "@/data/examData";
     | ^^^^^^^^^^^^^^^^^^^^^^^^^^^^^^^^^^^^^^^^^^^^
  16 | import type { Screen } from "@/lib/types";
  17 |
  18 | interface NavItem {

Import map: aliased to relative './src/data/examData' inside of [project]/

Import traces:
  Client Component Browser:
    ./src/components/Sidebar.tsx [Client Component Browser]
    ./src/components/ExamPracticeApp.tsx [Client Component Browser]
    ./src/components/ExamPracticeApp.tsx [Server Component]
    ./src/app/page.tsx [Server Component]

  Client Component SSR:
    ./src/components/Sidebar.tsx [Client Component SSR]
    ./src/components/ExamPracticeApp.tsx [Client Component SSR]
    ./src/components/ExamPracticeApp.tsx [Server Component]
    ./src/app/page.tsx [Server Component]

https://nextjs.org/docs/messages/module-not-found
[2026-08-16T04:55:03.131Z] [error] ./src/components/screens/GradedScreen.tsx:4:1
Error: Module not found: Can't resolve '@/data/examData'
  2 |
  3 | import type { CSSProperties } from "react";
> 4 | import { GRADES, QUESTIONS } from "@/data/examData";
    | ^^^^^^^^^^^^^^^^^^^^^^^^^^^^^^^^^^^^^^^^^^^^^^^^^^^^
  5 | import { Rich } from "@/components/Rich";
  6 | import type { ExamPracticeState } from "@/hooks/useExamPractice";
  7 |

Import map: aliased to relative './src/data/examData' inside of [project]/

Import traces:
  Client Component Browser:
    ./src/components/screens/GradedScreen.tsx [Client Component Browser]
    ./src/components/ExamPracticeApp.tsx [Client Component Browser]
    ./src/components/ExamPracticeApp.tsx [Server Component]
    ./src/app/page.tsx [Server Component]

  Client Component SSR:
    ./src/components/screens/GradedScreen.tsx [Client Component SSR]
    ./src/components/ExamPracticeApp.tsx [Client Component SSR]
    ./src/components/ExamPracticeApp.tsx [Server Component]
    ./src/app/page.tsx [Server Component]

https://nextjs.org/docs/messages/module-not-found
[2026-08-16T04:55:03.131Z] [error] ./src/components/screens/LibraryScreen.tsx:3:1
Error: Module not found: Can't resolve '@/data/examData'
  1 | "use client";
  2 |
> 3 | import { PAPERS } from "@/data/examData";
    | ^^^^^^^^^^^^^^^^^^^^^^^^^^^^^^^^^^^^^^^^^
  4 | import type { Screen } from "@/lib/types";
  5 |
  6 | function tagStyle(kind: string) {

Import map: aliased to relative './src/data/examData' inside of [project]/

Import traces:
  Client Component Browser:
    ./src/components/screens/LibraryScreen.tsx [Client Component Browser]
    ./src/components/ExamPracticeApp.tsx [Client Component Browser]
    ./src/components/ExamPracticeApp.tsx [Server Component]
    ./src/app/page.tsx [Server Component]

  Client Component SSR:
    ./src/components/screens/LibraryScreen.tsx [Client Component SSR]
    ./src/components/ExamPracticeApp.tsx [Client Component SSR]
    ./src/components/ExamPracticeApp.tsx [Server Component]
    ./src/app/page.tsx [Server Component]

https://nextjs.org/docs/messages/module-not-found
[2026-08-16T04:55:03.131Z] [error] ./src/components/screens/PracticeScreen.tsx:3:1
Error: Module not found: Can't resolve '@/data/examData'
  1 | "use client";
  2 |
> 3 | import { PRACTICE } from "@/data/examData";
    | ^^^^^^^^^^^^^^^^^^^^^^^^^^^^^^^^^^^^^^^^^^^
  4 | import { Rich } from "@/components/Rich";
  5 | import type { ExamPracticeState } from "@/hooks/useExamPractice";
  6 |

Import map: aliased to relative './src/data/examData' inside of [project]/

Import traces:
  Client Component Browser:
    ./src/components/screens/PracticeScreen.tsx [Client Component Browser]
    ./src/components/ExamPracticeApp.tsx [Client Component Browser]
    ./src/components/ExamPracticeApp.tsx [Server Component]
    ./src/app/page.tsx [Server Component]

  Client Component SSR:
    ./src/components/screens/PracticeScreen.tsx [Client Component SSR]
    ./src/components/ExamPracticeApp.tsx [Client Component SSR]
    ./src/components/ExamPracticeApp.tsx [Server Component]
    ./src/app/page.tsx [Server Component]

https://nextjs.org/docs/messages/module-not-found
[2026-08-16T04:55:03.131Z] [error] ./src/components/screens/ReviewScreen.tsx:3:1
Error: Module not found: Can't resolve '@/data/examData'
  1 | "use client";
  2 |
> 3 | import { QUESTIONS } from "@/data/examData";
    | ^^^^^^^^^^^^^^^^^^^^^^^^^^^^^^^^^^^^^^^^^^^^
  4 | import { Rich } from "@/components/Rich";
  5 | import type { ExamPracticeState } from "@/hooks/useExamPractice";
  6 |

Import map: aliased to relative './src/data/examData' inside of [project]/

Import traces:
  Client Component Browser:
    ./src/components/screens/ReviewScreen.tsx [Client Component Browser]
    ./src/components/ExamPracticeApp.tsx [Client Component Browser]
    ./src/components/ExamPracticeApp.tsx [Server Component]
    ./src/app/page.tsx [Server Component]

  Client Component SSR:
    ./src/components/screens/ReviewScreen.tsx [Client Component SSR]
    ./src/components/ExamPracticeApp.tsx [Client Component SSR]
    ./src/components/ExamPracticeApp.tsx [Server Component]
    ./src/app/page.tsx [Server Component]

https://nextjs.org/docs/messages/module-not-found
[2026-08-16T04:55:03.131Z] [error] ./src/components/screens/SourcesScreen.tsx:3:1
Error: Module not found: Can't resolve '@/data/examData'
  1 | "use client";
  2 |
> 3 | import { SOURCES, SOURCE_GEN_STEPS, SOURCE_TOPICS } from "@/data/examData";
    | ^^^^^^^^^^^^^^^^^^^^^^^^^^^^^^^^^^^^^^^^^^^^^^^^^^^^^^^^^^^^^^^^^^^^^^^^^^^
  4 | import type { ExamPracticeState } from "@/hooks/useExamPractice";
  5 |
  6 | const COUNT_OPTIONS = ["4", "6", "8"];

Import map: aliased to relative './src/data/examData' inside of [project]/

Import traces:
  Client Component Browser:
    ./src/components/screens/SourcesScreen.tsx [Client Component Browser]
    ./src/components/ExamPracticeApp.tsx [Client Component Browser]
    ./src/components/ExamPracticeApp.tsx [Server Component]
    ./src/app/page.tsx [Server Component]

  Client Component SSR:
    ./src/components/screens/SourcesScreen.tsx [Client Component SSR]
    ./src/components/ExamPracticeApp.tsx [Client Component SSR]
    ./src/components/ExamPracticeApp.tsx [Server Component]
    ./src/app/page.tsx [Server Component]

https://nextjs.org/docs/messages/module-not-found
[2026-08-16T04:55:03.131Z] [error] ./src/components/screens/UploadScreen.tsx:4:1
Error: Module not found: Can't resolve '@/data/examData'
  2 |
  3 | import { UploadCloud } from "lucide-react";
> 4 | import { UPLOAD_STEPS } from "@/data/examData";
    | ^^^^^^^^^^^^^^^^^^^^^^^^^^^^^^^^^^^^^^^^^^^^^^^
  5 | import type { ExamPracticeState } from "@/hooks/useExamPractice";
  6 |
  7 | export function UploadScreen({ state }: { state: ExamPracticeState }) {

Import map: aliased to relative './src/data/examData' inside of [project]/

Import traces:
  Client Component Browser:
    ./src/components/screens/UploadScreen.tsx [Client Component Browser]
    ./src/components/ExamPracticeApp.tsx [Client Component Browser]
    ./src/components/ExamPracticeApp.tsx [Server Component]
    ./src/app/page.tsx [Server Component]

  Client Component SSR:
    ./src/components/screens/UploadScreen.tsx [Client Component SSR]
    ./src/components/ExamPracticeApp.tsx [Client Component SSR]
    ./src/components/ExamPracticeApp.tsx [Server Component]
    ./src/app/page.tsx [Server Component]

https://nextjs.org/docs/messages/module-not-found
[2026-08-16T04:55:03.131Z] [error] ./src/components/screens/WeakScreen.tsx:3:1
Error: Module not found: Can't resolve '@/data/examData'
  1 | "use client";
  2 |
> 3 | import { ERROR_TYPES, HEAT, TOPICS, TREND } from "@/data/examData";
    | ^^^^^^^^^^^^^^^^^^^^^^^^^^^^^^^^^^^^^^^^^^^^^^^^^^^^^^^^^^^^^^^^^^^
  4 | import type { Screen } from "@/lib/types";
  5 |
  6 | const HEAT_CELL_COLORS = ["transparent", "var(--color-accent-200)", "var(--color-...

Import map: aliased to relative './src/data/examData' inside of [project]/

Import traces:
  Client Component Browser:
    ./src/components/screens/WeakScreen.tsx [Client Component Browser]
    ./src/components/ExamPracticeApp.tsx [Client Component Browser]
    ./src/components/ExamPracticeApp.tsx [Server Component]
    ./src/app/page.tsx [Server Component]

  Client Component SSR:
    ./src/components/screens/WeakScreen.tsx [Client Component SSR]
    ./src/components/ExamPracticeApp.tsx [Client Component SSR]
    ./src/components/ExamPracticeApp.tsx [Server Component]
    ./src/app/page.tsx [Server Component]

https://nextjs.org/docs/messages/module-not-found
[2026-08-16T04:55:42.323Z] [error] ./src/components/GradingOverlay.tsx:3:1
Error: Module not found: Can't resolve '@/data/examData'
  1 | "use client";
  2 |
> 3 | import { GRADE_STEPS } from "@/data/examData";
    | ^^^^^^^^^^^^^^^^^^^^^^^^^^^^^^^^^^^^^^^^^^^^^^
  4 |
  5 | export function GradingOverlay({ gradeStep }: { gradeStep: number }) {
  6 |   return (

Import map: aliased to relative './src/data/examData' inside of [project]/

Import traces:
  Client Component Browser:
    ./src/components/GradingOverlay.tsx [Client Component Browser]
    ./src/components/ExamPracticeApp.tsx [Client Component Browser]
    ./src/components/ExamPracticeApp.tsx [Server Component]
    ./src/app/page.tsx [Server Component]

  Client Component SSR:
    ./src/components/GradingOverlay.tsx [Client Component SSR]
    ./src/components/ExamPracticeApp.tsx [Client Component SSR]
    ./src/components/ExamPracticeApp.tsx [Server Component]
    ./src/app/page.tsx [Server Component]

https://nextjs.org/docs/messages/module-not-found
[2026-08-16T04:55:42.323Z] [error] ./src/components/Sidebar.tsx:15:1
Error: Module not found: Can't resolve '@/data/examData'
  13 |   UploadCloud,
  14 | } from "lucide-react";
> 15 | import { QUESTIONS } from "@/data/examData";
     | ^^^^^^^^^^^^^^^^^^^^^^^^^^^^^^^^^^^^^^^^^^^^
  16 | import type { Screen } from "@/lib/types";
  17 |
  18 | interface NavItem {

Import map: aliased to relative './src/data/examData' inside of [project]/

Import traces:
  Client Component Browser:
    ./src/components/Sidebar.tsx [Client Component Browser]
    ./src/components/ExamPracticeApp.tsx [Client Component Browser]
    ./src/components/ExamPracticeApp.tsx [Server Component]
    ./src/app/page.tsx [Server Component]

  Client Component SSR:
    ./src/components/Sidebar.tsx [Client Component SSR]
    ./src/components/ExamPracticeApp.tsx [Client Component SSR]
    ./src/components/ExamPracticeApp.tsx [Server Component]
    ./src/app/page.tsx [Server Component]

https://nextjs.org/docs/messages/module-not-found
[2026-08-16T04:55:42.323Z] [error] ./src/components/screens/GradedScreen.tsx:4:1
Error: Module not found: Can't resolve '@/data/examData'
  2 |
  3 | import type { CSSProperties } from "react";
> 4 | import { GRADES, QUESTIONS } from "@/data/examData";
    | ^^^^^^^^^^^^^^^^^^^^^^^^^^^^^^^^^^^^^^^^^^^^^^^^^^^^
  5 | import { Rich } from "@/components/Rich";
  6 | import type { ExamPracticeState } from "@/hooks/useExamPractice";
  7 |

Import map: aliased to relative './src/data/examData' inside of [project]/

Import traces:
  Client Component Browser:
    ./src/components/screens/GradedScreen.tsx [Client Component Browser]
    ./src/components/ExamPracticeApp.tsx [Client Component Browser]
    ./src/components/ExamPracticeApp.tsx [Server Component]
    ./src/app/page.tsx [Server Component]

  Client Component SSR:
    ./src/components/screens/GradedScreen.tsx [Client Component SSR]
    ./src/components/ExamPracticeApp.tsx [Client Component SSR]
    ./src/components/ExamPracticeApp.tsx [Server Component]
    ./src/app/page.tsx [Server Component]

https://nextjs.org/docs/messages/module-not-found
[2026-08-16T04:55:42.323Z] [error] ./src/components/screens/LibraryScreen.tsx:3:1
Error: Module not found: Can't resolve '@/data/examData'
  1 | "use client";
  2 |
> 3 | import { PAPERS } from "@/data/examData";
    | ^^^^^^^^^^^^^^^^^^^^^^^^^^^^^^^^^^^^^^^^^
  4 | import type { Screen } from "@/lib/types";
  5 |
  6 | function tagStyle(kind: string) {

Import map: aliased to relative './src/data/examData' inside of [project]/

Import traces:
  Client Component Browser:
    ./src/components/screens/LibraryScreen.tsx [Client Component Browser]
    ./src/components/ExamPracticeApp.tsx [Client Component Browser]
    ./src/components/ExamPracticeApp.tsx [Server Component]
    ./src/app/page.tsx [Server Component]

  Client Component SSR:
    ./src/components/screens/LibraryScreen.tsx [Client Component SSR]
    ./src/components/ExamPracticeApp.tsx [Client Component SSR]
    ./src/components/ExamPracticeApp.tsx [Server Component]
    ./src/app/page.tsx [Server Component]

https://nextjs.org/docs/messages/module-not-found
[2026-08-16T04:55:42.344Z] [error] ./src/components/screens/PracticeScreen.tsx:3:1
Error: Module not found: Can't resolve '@/data/examData'
  1 | "use client";
  2 |
> 3 | import { PRACTICE } from "@/data/examData";
    | ^^^^^^^^^^^^^^^^^^^^^^^^^^^^^^^^^^^^^^^^^^^
  4 | import { Rich } from "@/components/Rich";
  5 | import type { ExamPracticeState } from "@/hooks/useExamPractice";
  6 |

Import map: aliased to relative './src/data/examData' inside of [project]/

Import traces:
  Client Component Browser:
    ./src/components/screens/PracticeScreen.tsx [Client Component Browser]
    ./src/components/ExamPracticeApp.tsx [Client Component Browser]
    ./src/components/ExamPracticeApp.tsx [Server Component]
    ./src/app/page.tsx [Server Component]

  Client Component SSR:
    ./src/components/screens/PracticeScreen.tsx [Client Component SSR]
    ./src/components/ExamPracticeApp.tsx [Client Component SSR]
    ./src/components/ExamPracticeApp.tsx [Server Component]
    ./src/app/page.tsx [Server Component]

https://nextjs.org/docs/messages/module-not-found
[2026-08-16T04:55:42.344Z] [error] ./src/components/screens/ReviewScreen.tsx:3:1
Error: Module not found: Can't resolve '@/data/examData'
  1 | "use client";
  2 |
> 3 | import { QUESTIONS } from "@/data/examData";
    | ^^^^^^^^^^^^^^^^^^^^^^^^^^^^^^^^^^^^^^^^^^^^
  4 | import { Rich } from "@/components/Rich";
  5 | import type { ExamPracticeState } from "@/hooks/useExamPractice";
  6 |

Import map: aliased to relative './src/data/examData' inside of [project]/

Import traces:
  Client Component Browser:
    ./src/components/screens/ReviewScreen.tsx [Client Component Browser]
    ./src/components/ExamPracticeApp.tsx [Client Component Browser]
    ./src/components/ExamPracticeApp.tsx [Server Component]
    ./src/app/page.tsx [Server Component]

  Client Component SSR:
    ./src/components/screens/ReviewScreen.tsx [Client Component SSR]
    ./src/components/ExamPracticeApp.tsx [Client Component SSR]
    ./src/components/ExamPracticeApp.tsx [Server Component]
    ./src/app/page.tsx [Server Component]

https://nextjs.org/docs/messages/module-not-found
[2026-08-16T04:55:42.344Z] [error] ./src/components/screens/SourcesScreen.tsx:3:1
Error: Module not found: Can't resolve '@/data/examData'
  1 | "use client";
  2 |
> 3 | import { SOURCES, SOURCE_GEN_STEPS, SOURCE_TOPICS } from "@/data/examData";
    | ^^^^^^^^^^^^^^^^^^^^^^^^^^^^^^^^^^^^^^^^^^^^^^^^^^^^^^^^^^^^^^^^^^^^^^^^^^^
  4 | import type { ExamPracticeState } from "@/hooks/useExamPractice";
  5 |
  6 | const COUNT_OPTIONS = ["4", "6", "8"];

Import map: aliased to relative './src/data/examData' inside of [project]/

Import traces:
  Client Component Browser:
    ./src/components/screens/SourcesScreen.tsx [Client Component Browser]
    ./src/components/ExamPracticeApp.tsx [Client Component Browser]
    ./src/components/ExamPracticeApp.tsx [Server Component]
    ./src/app/page.tsx [Server Component]

  Client Component SSR:
    ./src/components/screens/SourcesScreen.tsx [Client Component SSR]
    ./src/components/ExamPracticeApp.tsx [Client Component SSR]
    ./src/components/ExamPracticeApp.tsx [Server Component]
    ./src/app/page.tsx [Server Component]

https://nextjs.org/docs/messages/module-not-found
[2026-08-16T04:55:42.344Z] [error] ./src/components/screens/UploadScreen.tsx:4:1
Error: Module not found: Can't resolve '@/data/examData'
  2 |
  3 | import { UploadCloud } from "lucide-react";
> 4 | import { UPLOAD_STEPS } from "@/data/examData";
    | ^^^^^^^^^^^^^^^^^^^^^^^^^^^^^^^^^^^^^^^^^^^^^^^
  5 | import type { ExamPracticeState } from "@/hooks/useExamPractice";
  6 |
  7 | export function UploadScreen({ state }: { state: ExamPracticeState }) {

Import map: aliased to relative './src/data/examData' inside of [project]/

Import traces:
  Client Component Browser:
    ./src/components/screens/UploadScreen.tsx [Client Component Browser]
    ./src/components/ExamPracticeApp.tsx [Client Component Browser]
    ./src/components/ExamPracticeApp.tsx [Server Component]
    ./src/app/page.tsx [Server Component]

  Client Component SSR:
    ./src/components/screens/UploadScreen.tsx [Client Component SSR]
    ./src/components/ExamPracticeApp.tsx [Client Component SSR]
    ./src/components/ExamPracticeApp.tsx [Server Component]
    ./src/app/page.tsx [Server Component]

https://nextjs.org/docs/messages/module-not-found
[2026-08-16T04:55:42.346Z] [error] ./src/components/screens/WeakScreen.tsx:3:1
Error: Module not found: Can't resolve '@/data/examData'
  1 | "use client";
  2 |
> 3 | import { ERROR_TYPES, HEAT, TOPICS, TREND } from "@/data/examData";
    | ^^^^^^^^^^^^^^^^^^^^^^^^^^^^^^^^^^^^^^^^^^^^^^^^^^^^^^^^^^^^^^^^^^^
  4 | import type { Screen } from "@/lib/types";
  5 |
  6 | const HEAT_CELL_COLORS = ["transparent", "var(--color-accent-200)", "var(--color-...

Import map: aliased to relative './src/data/examData' inside of [project]/

Import traces:
  Client Component Browser:
    ./src/components/screens/WeakScreen.tsx [Client Component Browser]
    ./src/components/ExamPracticeApp.tsx [Client Component Browser]
    ./src/components/ExamPracticeApp.tsx [Server Component]
    ./src/app/page.tsx [Server Component]

  Client Component SSR:
    ./src/components/screens/WeakScreen.tsx [Client Component SSR]
    ./src/components/ExamPracticeApp.tsx [Client Component SSR]
    ./src/components/ExamPracticeApp.tsx [Server Component]
    ./src/app/page.tsx [Server Component]

https://nextjs.org/docs/messages/module-not-found
[2026-08-16T04:55:54.724Z] [log] [Fast Refresh] rebuilding
[2026-08-16T04:55:55.930Z] [error] ./src/components/GradingOverlay.tsx:3:1
Error: Module not found: Can't resolve '@/data/examData'
  1 | "use client";
  2 |
> 3 | import { GRADE_STEPS } from "@/data/examData";
    | ^^^^^^^^^^^^^^^^^^^^^^^^^^^^^^^^^^^^^^^^^^^^^^
  4 |
  5 | export function GradingOverlay({ gradeStep }: { gradeStep: number }) {
  6 |   return (

Import map: aliased to relative './src/data/examData' inside of [project]/

Import traces:
  Client Component Browser:
    ./src/components/GradingOverlay.tsx [Client Component Browser]
    ./src/components/ExamPracticeApp.tsx [Client Component Browser]
    ./src/components/ExamPracticeApp.tsx [Server Component]
    ./src/app/page.tsx [Server Component]

  Client Component SSR:
    ./src/components/GradingOverlay.tsx [Client Component SSR]
    ./src/components/ExamPracticeApp.tsx [Client Component SSR]
    ./src/components/ExamPracticeApp.tsx [Server Component]
    ./src/app/page.tsx [Server Component]

https://nextjs.org/docs/messages/module-not-found
[2026-08-16T04:55:55.930Z] [error] ./src/components/Sidebar.tsx:15:1
Error: Module not found: Can't resolve '@/data/examData'
  13 |   UploadCloud,
  14 | } from "lucide-react";
> 15 | import { QUESTIONS } from "@/data/examData";
     | ^^^^^^^^^^^^^^^^^^^^^^^^^^^^^^^^^^^^^^^^^^^^
  16 | import type { Screen } from "@/lib/types";
  17 |
  18 | interface NavItem {

Import map: aliased to relative './src/data/examData' inside of [project]/

Import traces:
  Client Component Browser:
    ./src/components/Sidebar.tsx [Client Component Browser]
    ./src/components/ExamPracticeApp.tsx [Client Component Browser]
    ./src/components/ExamPracticeApp.tsx [Server Component]
    ./src/app/page.tsx [Server Component]

  Client Component SSR:
    ./src/components/Sidebar.tsx [Client Component SSR]
    ./src/components/ExamPracticeApp.tsx [Client Component SSR]
    ./src/components/ExamPracticeApp.tsx [Server Component]
    ./src/app/page.tsx [Server Component]

https://nextjs.org/docs/messages/module-not-found
[2026-08-16T04:55:55.933Z] [error] ./src/components/screens/GradedScreen.tsx:4:1
Error: Module not found: Can't resolve '@/data/examData'
  2 |
  3 | import type { CSSProperties } from "react";
> 4 | import { GRADES, QUESTIONS } from "@/data/examData";
    | ^^^^^^^^^^^^^^^^^^^^^^^^^^^^^^^^^^^^^^^^^^^^^^^^^^^^
  5 | import { Rich } from "@/components/Rich";
  6 | import type { ExamPracticeState } from "@/hooks/useExamPractice";
  7 |

Import map: aliased to relative './src/data/examData' inside of [project]/

Import traces:
  Client Component Browser:
    ./src/components/screens/GradedScreen.tsx [Client Component Browser]
    ./src/components/ExamPracticeApp.tsx [Client Component Browser]
    ./src/components/ExamPracticeApp.tsx [Server Component]
    ./src/app/page.tsx [Server Component]

  Client Component SSR:
    ./src/components/screens/GradedScreen.tsx [Client Component SSR]
    ./src/components/ExamPracticeApp.tsx [Client Component SSR]
    ./src/components/ExamPracticeApp.tsx [Server Component]
    ./src/app/page.tsx [Server Component]

https://nextjs.org/docs/messages/module-not-found
[2026-08-16T04:55:55.933Z] [error] ./src/components/screens/LibraryScreen.tsx:3:1
Error: Module not found: Can't resolve '@/data/examData'
  1 | "use client";
  2 |
> 3 | import { PAPERS } from "@/data/examData";
    | ^^^^^^^^^^^^^^^^^^^^^^^^^^^^^^^^^^^^^^^^^
  4 | import type { Screen } from "@/lib/types";
  5 |
  6 | function tagStyle(kind: string) {

Import map: aliased to relative './src/data/examData' inside of [project]/

Import traces:
  Client Component Browser:
    ./src/components/screens/LibraryScreen.tsx [Client Component Browser]
    ./src/components/ExamPracticeApp.tsx [Client Component Browser]
    ./src/components/ExamPracticeApp.tsx [Server Component]
    ./src/app/page.tsx [Server Component]

  Client Component SSR:
    ./src/components/screens/LibraryScreen.tsx [Client Component SSR]
    ./src/components/ExamPracticeApp.tsx [Client Component SSR]
    ./src/components/ExamPracticeApp.tsx [Server Component]
    ./src/app/page.tsx [Server Component]

https://nextjs.org/docs/messages/module-not-found
[2026-08-16T04:55:55.934Z] [error] ./src/components/screens/PracticeScreen.tsx:3:1
Error: Module not found: Can't resolve '@/data/examData'
  1 | "use client";
  2 |
> 3 | import { PRACTICE } from "@/data/examData";
    | ^^^^^^^^^^^^^^^^^^^^^^^^^^^^^^^^^^^^^^^^^^^
  4 | import { Rich } from "@/components/Rich";
  5 | import type { ExamPracticeState } from "@/hooks/useExamPractice";
  6 |

Import map: aliased to relative './src/data/examData' inside of [project]/

Import traces:
  Client Component Browser:
    ./src/components/screens/PracticeScreen.tsx [Client Component Browser]
    ./src/components/ExamPracticeApp.tsx [Client Component Browser]
    ./src/components/ExamPracticeApp.tsx [Server Component]
    ./src/app/page.tsx [Server Component]

  Client Component SSR:
    ./src/components/screens/PracticeScreen.tsx [Client Component SSR]
    ./src/components/ExamPracticeApp.tsx [Client Component SSR]
    ./src/components/ExamPracticeApp.tsx [Server Component]
    ./src/app/page.tsx [Server Component]

https://nextjs.org/docs/messages/module-not-found
[2026-08-16T04:55:55.934Z] [error] ./src/components/screens/ReviewScreen.tsx:3:1
Error: Module not found: Can't resolve '@/data/examData'
  1 | "use client";
  2 |
> 3 | import { QUESTIONS } from "@/data/examData";
    | ^^^^^^^^^^^^^^^^^^^^^^^^^^^^^^^^^^^^^^^^^^^^
  4 | import { Rich } from "@/components/Rich";
  5 | import type { ExamPracticeState } from "@/hooks/useExamPractice";
  6 |

Import map: aliased to relative './src/data/examData' inside of [project]/

Import traces:
  Client Component Browser:
    ./src/components/screens/ReviewScreen.tsx [Client Component Browser]
    ./src/components/ExamPracticeApp.tsx [Client Component Browser]
    ./src/components/ExamPracticeApp.tsx [Server Component]
    ./src/app/page.tsx [Server Component]

  Client Component SSR:
    ./src/components/screens/ReviewScreen.tsx [Client Component SSR]
    ./src/components/ExamPracticeApp.tsx [Client Component SSR]
    ./src/components/ExamPracticeApp.tsx [Server Component]
    ./src/app/page.tsx [Server Component]

https://nextjs.org/docs/messages/module-not-found
[2026-08-16T04:55:55.936Z] [error] ./src/components/screens/SourcesScreen.tsx:3:1
Error: Module not found: Can't resolve '@/data/examData'
  1 | "use client";
  2 |
> 3 | import { SOURCES, SOURCE_GEN_STEPS, SOURCE_TOPICS } from "@/data/examData";
    | ^^^^^^^^^^^^^^^^^^^^^^^^^^^^^^^^^^^^^^^^^^^^^^^^^^^^^^^^^^^^^^^^^^^^^^^^^^^
  4 | import type { ExamPracticeState } from "@/hooks/useExamPractice";
  5 |
  6 | const COUNT_OPTIONS = ["4", "6", "8"];

Import map: aliased to relative './src/data/examData' inside of [project]/

Import traces:
  Client Component Browser:
    ./src/components/screens/SourcesScreen.tsx [Client Component Browser]
    ./src/components/ExamPracticeApp.tsx [Client Component Browser]
    ./src/components/ExamPracticeApp.tsx [Server Component]
    ./src/app/page.tsx [Server Component]

  Client Component SSR:
    ./src/components/screens/SourcesScreen.tsx [Client Component SSR]
    ./src/components/ExamPracticeApp.tsx [Client Component SSR]
    ./src/components/ExamPracticeApp.tsx [Server Component]
    ./src/app/page.tsx [Server Component]

https://nextjs.org/docs/messages/module-not-found
[2026-08-16T04:55:55.938Z] [error] ./src/components/screens/UploadScreen.tsx:4:1
Error: Module not found: Can't resolve '@/data/examData'
  2 |
  3 | import { UploadCloud } from "lucide-react";
> 4 | import { UPLOAD_STEPS } from "@/data/examData";
    | ^^^^^^^^^^^^^^^^^^^^^^^^^^^^^^^^^^^^^^^^^^^^^^^
  5 | import type { ExamPracticeState } from "@/hooks/useExamPractice";
  6 |
  7 | export function UploadScreen({ state }: { state: ExamPracticeState }) {

Import map: aliased to relative './src/data/examData' inside of [project]/

Import traces:
  Client Component Browser:
    ./src/components/screens/UploadScreen.tsx [Client Component Browser]
    ./src/components/ExamPracticeApp.tsx [Client Component Browser]
    ./src/components/ExamPracticeApp.tsx [Server Component]
    ./src/app/page.tsx [Server Component]

  Client Component SSR:
    ./src/components/screens/UploadScreen.tsx [Client Component SSR]
    ./src/components/ExamPracticeApp.tsx [Client Component SSR]
    ./src/components/ExamPracticeApp.tsx [Server Component]
    ./src/app/page.tsx [Server Component]

https://nextjs.org/docs/messages/module-not-found
[2026-08-16T04:55:55.938Z] [error] ./src/components/screens/WeakScreen.tsx:3:1
Error: Module not found: Can't resolve '@/data/examData'
  1 | "use client";
  2 |
> 3 | import { ERROR_TYPES, HEAT, TOPICS, TREND } from "@/data/examData";
    | ^^^^^^^^^^^^^^^^^^^^^^^^^^^^^^^^^^^^^^^^^^^^^^^^^^^^^^^^^^^^^^^^^^^
  4 | import type { Screen } from "@/lib/types";
  5 |
  6 | const HEAT_CELL_COLORS = ["transparent", "var(--color-accent-200)", "var(--color-...

Import map: aliased to relative './src/data/examData' inside of [project]/

Import traces:
  Client Component Browser:
    ./src/components/screens/WeakScreen.tsx [Client Component Browser]
    ./src/components/ExamPracticeApp.tsx [Client Component Browser]
    ./src/components/ExamPracticeApp.tsx [Server Component]
    ./src/app/page.tsx [Server Component]

  Client Component SSR:
    ./src/components/screens/WeakScreen.tsx [Client Component SSR]
    ./src/components/ExamPracticeApp.tsx [Client Component SSR]
    ./src/components/ExamPracticeApp.tsx [Server Component]
    ./src/app/page.tsx [Server Component]

https://nextjs.org/docs/messages/module-not-found
[2026-08-16T04:56:00.864Z] [log] [Fast Refresh] rebuilding
[2026-08-16T04:56:01.028Z] [error] ./src/components/GradingOverlay.tsx:3:1
Error: Module not found: Can't resolve '@/data/examData'
  1 | "use client";
  2 |
> 3 | import { GRADE_STEPS } from "@/data/examData";
    | ^^^^^^^^^^^^^^^^^^^^^^^^^^^^^^^^^^^^^^^^^^^^^^
  4 |
  5 | export function GradingOverlay({ gradeStep }: { gradeStep: number }) {
  6 |   return (

Import map: aliased to relative './src/data/examData' inside of [project]/

Import traces:
  Client Component Browser:
    ./src/components/GradingOverlay.tsx [Client Component Browser]
    ./src/components/ExamPracticeApp.tsx [Client Component Browser]
    ./src/components/ExamPracticeApp.tsx [Server Component]
    ./src/app/page.tsx [Server Component]

  Client Component SSR:
    ./src/components/GradingOverlay.tsx [Client Component SSR]
    ./src/components/ExamPracticeApp.tsx [Client Component SSR]
    ./src/components/ExamPracticeApp.tsx [Server Component]
    ./src/app/page.tsx [Server Component]

https://nextjs.org/docs/messages/module-not-found
[2026-08-16T04:56:01.028Z] [error] ./src/components/Sidebar.tsx:15:1
Error: Module not found: Can't resolve '@/data/examData'
  13 |   UploadCloud,
  14 | } from "lucide-react";
> 15 | import { QUESTIONS } from "@/data/examData";
     | ^^^^^^^^^^^^^^^^^^^^^^^^^^^^^^^^^^^^^^^^^^^^
  16 | import type { Screen } from "@/lib/types";
  17 |
  18 | interface NavItem {

Import map: aliased to relative './src/data/examData' inside of [project]/

Import traces:
  Client Component Browser:
    ./src/components/Sidebar.tsx [Client Component Browser]
    ./src/components/ExamPracticeApp.tsx [Client Component Browser]
    ./src/components/ExamPracticeApp.tsx [Server Component]
    ./src/app/page.tsx [Server Component]

  Client Component SSR:
    ./src/components/Sidebar.tsx [Client Component SSR]
    ./src/components/ExamPracticeApp.tsx [Client Component SSR]
    ./src/components/ExamPracticeApp.tsx [Server Component]
    ./src/app/page.tsx [Server Component]

https://nextjs.org/docs/messages/module-not-found
[2026-08-16T04:56:01.028Z] [error] ./src/components/screens/GradedScreen.tsx:4:1
Error: Module not found: Can't resolve '@/data/examData'
  2 |
  3 | import type { CSSProperties } from "react";
> 4 | import { GRADES, QUESTIONS } from "@/data/examData";
    | ^^^^^^^^^^^^^^^^^^^^^^^^^^^^^^^^^^^^^^^^^^^^^^^^^^^^
  5 | import { Rich } from "@/components/Rich";
  6 | import type { ExamPracticeState } from "@/hooks/useExamPractice";
  7 |

Import map: aliased to relative './src/data/examData' inside of [project]/

Import traces:
  Client Component Browser:
    ./src/components/screens/GradedScreen.tsx [Client Component Browser]
    ./src/components/ExamPracticeApp.tsx [Client Component Browser]
    ./src/components/ExamPracticeApp.tsx [Server Component]
    ./src/app/page.tsx [Server Component]

  Client Component SSR:
    ./src/components/screens/GradedScreen.tsx [Client Component SSR]
    ./src/components/ExamPracticeApp.tsx [Client Component SSR]
    ./src/components/ExamPracticeApp.tsx [Server Component]
    ./src/app/page.tsx [Server Component]

https://nextjs.org/docs/messages/module-not-found
[2026-08-16T04:56:01.028Z] [error] ./src/components/screens/LibraryScreen.tsx:3:1
Error: Module not found: Can't resolve '@/data/examData'
  1 | "use client";
  2 |
> 3 | import { PAPERS } from "@/data/examData";
    | ^^^^^^^^^^^^^^^^^^^^^^^^^^^^^^^^^^^^^^^^^
  4 | import type { Screen } from "@/lib/types";
  5 |
  6 | function tagStyle(kind: string) {

Import map: aliased to relative './src/data/examData' inside of [project]/

Import traces:
  Client Component Browser:
    ./src/components/screens/LibraryScreen.tsx [Client Component Browser]
    ./src/components/ExamPracticeApp.tsx [Client Component Browser]
    ./src/components/ExamPracticeApp.tsx [Server Component]
    ./src/app/page.tsx [Server Component]

  Client Component SSR:
    ./src/components/screens/LibraryScreen.tsx [Client Component SSR]
    ./src/components/ExamPracticeApp.tsx [Client Component SSR]
    ./src/components/ExamPracticeApp.tsx [Server Component]
    ./src/app/page.tsx [Server Component]

https://nextjs.org/docs/messages/module-not-found
[2026-08-16T04:56:01.028Z] [error] ./src/components/screens/PracticeScreen.tsx:3:1
Error: Module not found: Can't resolve '@/data/examData'
  1 | "use client";
  2 |
> 3 | import { PRACTICE } from "@/data/examData";
    | ^^^^^^^^^^^^^^^^^^^^^^^^^^^^^^^^^^^^^^^^^^^
  4 | import { Rich } from "@/components/Rich";
  5 | import type { ExamPracticeState } from "@/hooks/useExamPractice";
  6 |

Import map: aliased to relative './src/data/examData' inside of [project]/

Import traces:
  Client Component Browser:
    ./src/components/screens/PracticeScreen.tsx [Client Component Browser]
    ./src/components/ExamPracticeApp.tsx [Client Component Browser]
    ./src/components/ExamPracticeApp.tsx [Server Component]
    ./src/app/page.tsx [Server Component]

  Client Component SSR:
    ./src/components/screens/PracticeScreen.tsx [Client Component SSR]
    ./src/components/ExamPracticeApp.tsx [Client Component SSR]
    ./src/components/ExamPracticeApp.tsx [Server Component]
    ./src/app/page.tsx [Server Component]

https://nextjs.org/docs/messages/module-not-found
[2026-08-16T04:56:01.038Z] [error] ./src/components/screens/ReviewScreen.tsx:3:1
Error: Module not found: Can't resolve '@/data/examData'
  1 | "use client";
  2 |
> 3 | import { QUESTIONS } from "@/data/examData";
    | ^^^^^^^^^^^^^^^^^^^^^^^^^^^^^^^^^^^^^^^^^^^^
  4 | import { Rich } from "@/components/Rich";
  5 | import type { ExamPracticeState } from "@/hooks/useExamPractice";
  6 |

Import map: aliased to relative './src/data/examData' inside of [project]/

Import traces:
  Client Component Browser:
    ./src/components/screens/ReviewScreen.tsx [Client Component Browser]
    ./src/components/ExamPracticeApp.tsx [Client Component Browser]
    ./src/components/ExamPracticeApp.tsx [Server Component]
    ./src/app/page.tsx [Server Component]

  Client Component SSR:
    ./src/components/screens/ReviewScreen.tsx [Client Component SSR]
    ./src/components/ExamPracticeApp.tsx [Client Component SSR]
    ./src/components/ExamPracticeApp.tsx [Server Component]
    ./src/app/page.tsx [Server Component]

https://nextjs.org/docs/messages/module-not-found
[2026-08-16T04:56:01.039Z] [error] ./src/components/screens/SourcesScreen.tsx:3:1
Error: Module not found: Can't resolve '@/data/examData'
  1 | "use client";
  2 |
> 3 | import { SOURCES, SOURCE_GEN_STEPS, SOURCE_TOPICS } from "@/data/examData";
    | ^^^^^^^^^^^^^^^^^^^^^^^^^^^^^^^^^^^^^^^^^^^^^^^^^^^^^^^^^^^^^^^^^^^^^^^^^^^
  4 | import type { ExamPracticeState } from "@/hooks/useExamPractice";
  5 |
  6 | const COUNT_OPTIONS = ["4", "6", "8"];

Import map: aliased to relative './src/data/examData' inside of [project]/

Import traces:
  Client Component Browser:
    ./src/components/screens/SourcesScreen.tsx [Client Component Browser]
    ./src/components/ExamPracticeApp.tsx [Client Component Browser]
    ./src/components/ExamPracticeApp.tsx [Server Component]
    ./src/app/page.tsx [Server Component]

  Client Component SSR:
    ./src/components/screens/SourcesScreen.tsx [Client Component SSR]
    ./src/components/ExamPracticeApp.tsx [Client Component SSR]
    ./src/components/ExamPracticeApp.tsx [Server Component]
    ./src/app/page.tsx [Server Component]

https://nextjs.org/docs/messages/module-not-found
[2026-08-16T04:56:01.041Z] [error] ./src/components/screens/UploadScreen.tsx:4:1
Error: Module not found: Can't resolve '@/data/examData'
  2 |
  3 | import { UploadCloud } from "lucide-react";
> 4 | import { UPLOAD_STEPS } from "@/data/examData";
    | ^^^^^^^^^^^^^^^^^^^^^^^^^^^^^^^^^^^^^^^^^^^^^^^
  5 | import type { ExamPracticeState } from "@/hooks/useExamPractice";
  6 |
  7 | export function UploadScreen({ state }: { state: ExamPracticeState }) {

Import map: aliased to relative './src/data/examData' inside of [project]/

Import traces:
  Client Component Browser:
    ./src/components/screens/UploadScreen.tsx [Client Component Browser]
    ./src/components/ExamPracticeApp.tsx [Client Component Browser]
    ./src/components/ExamPracticeApp.tsx [Server Component]
    ./src/app/page.tsx [Server Component]

  Client Component SSR:
    ./src/components/screens/UploadScreen.tsx [Client Component SSR]
    ./src/components/ExamPracticeApp.tsx [Client Component SSR]
    ./src/components/ExamPracticeApp.tsx [Server Component]
    ./src/app/page.tsx [Server Component]

https://nextjs.org/docs/messages/module-not-found
[2026-08-16T04:56:01.041Z] [error] ./src/components/screens/WeakScreen.tsx:3:1
Error: Module not found: Can't resolve '@/data/examData'
  1 | "use client";
  2 |
> 3 | import { ERROR_TYPES, HEAT, TOPICS, TREND } from "@/data/examData";
    | ^^^^^^^^^^^^^^^^^^^^^^^^^^^^^^^^^^^^^^^^^^^^^^^^^^^^^^^^^^^^^^^^^^^
  4 | import type { Screen } from "@/lib/types";
  5 |
  6 | const HEAT_CELL_COLORS = ["transparent", "var(--color-accent-200)", "var(--color-...

Import map: aliased to relative './src/data/examData' inside of [project]/

Import traces:
  Client Component Browser:
    ./src/components/screens/WeakScreen.tsx [Client Component Browser]
    ./src/components/ExamPracticeApp.tsx [Client Component Browser]
    ./src/components/ExamPracticeApp.tsx [Server Component]
    ./src/app/page.tsx [Server Component]

  Client Component SSR:
    ./src/components/screens/WeakScreen.tsx [Client Component SSR]
    ./src/components/ExamPracticeApp.tsx [Client Component SSR]
    ./src/components/ExamPracticeApp.tsx [Server Component]
    ./src/app/page.tsx [Server Component]

https://nextjs.org/docs/messages/module-not-found
[2026-08-16T04:56:10.233Z] [error] ./src/components/GradingOverlay.tsx:3:1
Error: Module not found: Can't resolve '@/data/examData'
  1 | "use client";
  2 |
> 3 | import { GRADE_STEPS } from "@/data/examData";
    | ^^^^^^^^^^^^^^^^^^^^^^^^^^^^^^^^^^^^^^^^^^^^^^
  4 |
  5 | export function GradingOverlay({ gradeStep }: { gradeStep: number }) {
  6 |   return (

Import map: aliased to relative './src/data/examData' inside of [project]/

Import traces:
  Client Component Browser:
    ./src/components/GradingOverlay.tsx [Client Component Browser]
    ./src/components/ExamPracticeApp.tsx [Client Component Browser]
    ./src/components/ExamPracticeApp.tsx [Server Component]
    ./src/app/page.tsx [Server Component]

  Client Component SSR:
    ./src/components/GradingOverlay.tsx [Client Component SSR]
    ./src/components/ExamPracticeApp.tsx [Client Component SSR]
    ./src/components/ExamPracticeApp.tsx [Server Component]
    ./src/app/page.tsx [Server Component]

https://nextjs.org/docs/messages/module-not-found
[2026-08-16T04:56:10.233Z] [error] ./src/components/Sidebar.tsx:15:1
Error: Module not found: Can't resolve '@/data/examData'
  13 |   UploadCloud,
  14 | } from "lucide-react";
> 15 | import { QUESTIONS } from "@/data/examData";
     | ^^^^^^^^^^^^^^^^^^^^^^^^^^^^^^^^^^^^^^^^^^^^
  16 | import type { Screen } from "@/lib/types";
  17 |
  18 | interface NavItem {

Import map: aliased to relative './src/data/examData' inside of [project]/

Import traces:
  Client Component Browser:
    ./src/components/Sidebar.tsx [Client Component Browser]
    ./src/components/ExamPracticeApp.tsx [Client Component Browser]
    ./src/components/ExamPracticeApp.tsx [Server Component]
    ./src/app/page.tsx [Server Component]

  Client Component SSR:
    ./src/components/Sidebar.tsx [Client Component SSR]
    ./src/components/ExamPracticeApp.tsx [Client Component SSR]
    ./src/components/ExamPracticeApp.tsx [Server Component]
    ./src/app/page.tsx [Server Component]

https://nextjs.org/docs/messages/module-not-found
[2026-08-16T04:56:10.235Z] [error] ./src/components/screens/GradedScreen.tsx:4:1
Error: Module not found: Can't resolve '@/data/examData'
  2 |
  3 | import type { CSSProperties } from "react";
> 4 | import { GRADES, QUESTIONS } from "@/data/examData";
    | ^^^^^^^^^^^^^^^^^^^^^^^^^^^^^^^^^^^^^^^^^^^^^^^^^^^^
  5 | import { Rich } from "@/components/Rich";
  6 | import type { ExamPracticeState } from "@/hooks/useExamPractice";
  7 |

Import map: aliased to relative './src/data/examData' inside of [project]/

Import traces:
  Client Component Browser:
    ./src/components/screens/GradedScreen.tsx [Client Component Browser]
    ./src/components/ExamPracticeApp.tsx [Client Component Browser]
    ./src/components/ExamPracticeApp.tsx [Server Component]
    ./src/app/page.tsx [Server Component]

  Client Component SSR:
    ./src/components/screens/GradedScreen.tsx [Client Component SSR]
    ./src/components/ExamPracticeApp.tsx [Client Component SSR]
    ./src/components/ExamPracticeApp.tsx [Server Component]
    ./src/app/page.tsx [Server Component]

https://nextjs.org/docs/messages/module-not-found
[2026-08-16T04:56:10.235Z] [error] ./src/components/screens/LibraryScreen.tsx:3:1
Error: Module not found: Can't resolve '@/data/examData'
  1 | "use client";
  2 |
> 3 | import { PAPERS } from "@/data/examData";
    | ^^^^^^^^^^^^^^^^^^^^^^^^^^^^^^^^^^^^^^^^^
  4 | import type { Screen } from "@/lib/types";
  5 |
  6 | function tagStyle(kind: string) {

Import map: aliased to relative './src/data/examData' inside of [project]/

Import traces:
  Client Component Browser:
    ./src/components/screens/LibraryScreen.tsx [Client Component Browser]
    ./src/components/ExamPracticeApp.tsx [Client Component Browser]
    ./src/components/ExamPracticeApp.tsx [Server Component]
    ./src/app/page.tsx [Server Component]

  Client Component SSR:
    ./src/components/screens/LibraryScreen.tsx [Client Component SSR]
    ./src/components/ExamPracticeApp.tsx [Client Component SSR]
    ./src/components/ExamPracticeApp.tsx [Server Component]
    ./src/app/page.tsx [Server Component]

https://nextjs.org/docs/messages/module-not-found
[2026-08-16T04:56:10.235Z] [error] ./src/components/screens/PracticeScreen.tsx:3:1
Error: Module not found: Can't resolve '@/data/examData'
  1 | "use client";
  2 |
> 3 | import { PRACTICE } from "@/data/examData";
    | ^^^^^^^^^^^^^^^^^^^^^^^^^^^^^^^^^^^^^^^^^^^
  4 | import { Rich } from "@/components/Rich";
  5 | import type { ExamPracticeState } from "@/hooks/useExamPractice";
  6 |

Import map: aliased to relative './src/data/examData' inside of [project]/

Import traces:
  Client Component Browser:
    ./src/components/screens/PracticeScreen.tsx [Client Component Browser]
    ./src/components/ExamPracticeApp.tsx [Client Component Browser]
    ./src/components/ExamPracticeApp.tsx [Server Component]
    ./src/app/page.tsx [Server Component]

  Client Component SSR:
    ./src/components/screens/PracticeScreen.tsx [Client Component SSR]
    ./src/components/ExamPracticeApp.tsx [Client Component SSR]
    ./src/components/ExamPracticeApp.tsx [Server Component]
    ./src/app/page.tsx [Server Component]

https://nextjs.org/docs/messages/module-not-found
[2026-08-16T04:56:10.235Z] [error] ./src/components/screens/ReviewScreen.tsx:3:1
Error: Module not found: Can't resolve '@/data/examData'
  1 | "use client";
  2 |
> 3 | import { QUESTIONS } from "@/data/examData";
    | ^^^^^^^^^^^^^^^^^^^^^^^^^^^^^^^^^^^^^^^^^^^^
  4 | import { Rich } from "@/components/Rich";
  5 | import type { ExamPracticeState } from "@/hooks/useExamPractice";
  6 |

Import map: aliased to relative './src/data/examData' inside of [project]/

Import traces:
  Client Component Browser:
    ./src/components/screens/ReviewScreen.tsx [Client Component Browser]
    ./src/components/ExamPracticeApp.tsx [Client Component Browser]
    ./src/components/ExamPracticeApp.tsx [Server Component]
    ./src/app/page.tsx [Server Component]

  Client Component SSR:
    ./src/components/screens/ReviewScreen.tsx [Client Component SSR]
    ./src/components/ExamPracticeApp.tsx [Client Component SSR]
    ./src/components/ExamPracticeApp.tsx [Server Component]
    ./src/app/page.tsx [Server Component]

https://nextjs.org/docs/messages/module-not-found
[2026-08-16T04:56:10.236Z] [error] ./src/components/screens/SourcesScreen.tsx:3:1
Error: Module not found: Can't resolve '@/data/examData'
  1 | "use client";
  2 |
> 3 | import { SOURCES, SOURCE_GEN_STEPS, SOURCE_TOPICS } from "@/data/examData";
    | ^^^^^^^^^^^^^^^^^^^^^^^^^^^^^^^^^^^^^^^^^^^^^^^^^^^^^^^^^^^^^^^^^^^^^^^^^^^
  4 | import type { ExamPracticeState } from "@/hooks/useExamPractice";
  5 |
  6 | const COUNT_OPTIONS = ["4", "6", "8"];

Import map: aliased to relative './src/data/examData' inside of [project]/

Import traces:
  Client Component Browser:
    ./src/components/screens/SourcesScreen.tsx [Client Component Browser]
    ./src/components/ExamPracticeApp.tsx [Client Component Browser]
    ./src/components/ExamPracticeApp.tsx [Server Component]
    ./src/app/page.tsx [Server Component]

  Client Component SSR:
    ./src/components/screens/SourcesScreen.tsx [Client Component SSR]
    ./src/components/ExamPracticeApp.tsx [Client Component SSR]
    ./src/components/ExamPracticeApp.tsx [Server Component]
    ./src/app/page.tsx [Server Component]

https://nextjs.org/docs/messages/module-not-found
[2026-08-16T04:56:10.236Z] [error] ./src/components/screens/UploadScreen.tsx:4:1
Error: Module not found: Can't resolve '@/data/examData'
  2 |
  3 | import { UploadCloud } from "lucide-react";
> 4 | import { UPLOAD_STEPS } from "@/data/examData";
    | ^^^^^^^^^^^^^^^^^^^^^^^^^^^^^^^^^^^^^^^^^^^^^^^
  5 | import type { ExamPracticeState } from "@/hooks/useExamPractice";
  6 |
  7 | export function UploadScreen({ state }: { state: ExamPracticeState }) {

Import map: aliased to relative './src/data/examData' inside of [project]/

Import traces:
  Client Component Browser:
    ./src/components/screens/UploadScreen.tsx [Client Component Browser]
    ./src/components/ExamPracticeApp.tsx [Client Component Browser]
    ./src/components/ExamPracticeApp.tsx [Server Component]
    ./src/app/page.tsx [Server Component]

  Client Component SSR:
    ./src/components/screens/UploadScreen.tsx [Client Component SSR]
    ./src/components/ExamPracticeApp.tsx [Client Component SSR]
    ./src/components/ExamPracticeApp.tsx [Server Component]
    ./src/app/page.tsx [Server Component]

https://nextjs.org/docs/messages/module-not-found
[2026-08-16T04:56:10.236Z] [error] ./src/components/screens/WeakScreen.tsx:3:1
Error: Module not found: Can't resolve '@/data/examData'
  1 | "use client";
  2 |
> 3 | import { ERROR_TYPES, HEAT, TOPICS, TREND } from "@/data/examData";
    | ^^^^^^^^^^^^^^^^^^^^^^^^^^^^^^^^^^^^^^^^^^^^^^^^^^^^^^^^^^^^^^^^^^^
  4 | import type { Screen } from "@/lib/types";
  5 |
  6 | const HEAT_CELL_COLORS = ["transparent", "var(--color-accent-200)", "var(--color-...

Import map: aliased to relative './src/data/examData' inside of [project]/

Import traces:
  Client Component Browser:
    ./src/components/screens/WeakScreen.tsx [Client Component Browser]
    ./src/components/ExamPracticeApp.tsx [Client Component Browser]
    ./src/components/ExamPracticeApp.tsx [Server Component]
    ./src/app/page.tsx [Server Component]

  Client Component SSR:
    ./src/components/screens/WeakScreen.tsx [Client Component SSR]
    ./src/components/ExamPracticeApp.tsx [Client Component SSR]
    ./src/components/ExamPracticeApp.tsx [Server Component]
    ./src/app/page.tsx [Server Component]

https://nextjs.org/docs/messages/module-not-found
[2026-08-16T04:56:10.236Z] [log] [Fast Refresh] rebuilding
[2026-08-16T04:56:27.839Z] [error] ./src/components/GradingOverlay.tsx:3:1
Error: Module not found: Can't resolve '@/data/examData'
  1 | "use client";
  2 |
> 3 | import { GRADE_STEPS } from "@/data/examData";
    | ^^^^^^^^^^^^^^^^^^^^^^^^^^^^^^^^^^^^^^^^^^^^^^
  4 |
  5 | export function GradingOverlay({ gradeStep }: { gradeStep: number }) {
  6 |   return (

Import map: aliased to relative './src/data/examData' inside of [project]/

Import traces:
  Client Component Browser:
    ./src/components/GradingOverlay.tsx [Client Component Browser]
    ./src/components/ExamPracticeApp.tsx [Client Component Browser]
    ./src/components/ExamPracticeApp.tsx [Server Component]
    ./src/app/page.tsx [Server Component]

  Client Component SSR:
    ./src/components/GradingOverlay.tsx [Client Component SSR]
    ./src/components/ExamPracticeApp.tsx [Client Component SSR]
    ./src/components/ExamPracticeApp.tsx [Server Component]
    ./src/app/page.tsx [Server Component]

https://nextjs.org/docs/messages/module-not-found
[2026-08-16T04:56:27.839Z] [error] ./src/components/screens/GradedScreen.tsx:4:1
Error: Module not found: Can't resolve '@/data/examData'
  2 |
  3 | import type { CSSProperties } from "react";
> 4 | import { GRADES, QUESTIONS } from "@/data/examData";
    | ^^^^^^^^^^^^^^^^^^^^^^^^^^^^^^^^^^^^^^^^^^^^^^^^^^^^
  5 | import { Rich } from "@/components/Rich";
  6 | import type { ExamPracticeState } from "@/hooks/useExamPractice";
  7 |

Import map: aliased to relative './src/data/examData' inside of [project]/

Import traces:
  Client Component Browser:
    ./src/components/screens/GradedScreen.tsx [Client Component Browser]
    ./src/components/ExamPracticeApp.tsx [Client Component Browser]
    ./src/components/ExamPracticeApp.tsx [Server Component]
    ./src/app/page.tsx [Server Component]

  Client Component SSR:
    ./src/components/screens/GradedScreen.tsx [Client Component SSR]
    ./src/components/ExamPracticeApp.tsx [Client Component SSR]
    ./src/components/ExamPracticeApp.tsx [Server Component]
    ./src/app/page.tsx [Server Component]

https://nextjs.org/docs/messages/module-not-found
[2026-08-16T04:56:27.888Z] [error] ./src/components/screens/LibraryScreen.tsx:3:1
Error: Module not found: Can't resolve '@/data/examData'
  1 | "use client";
  2 |
> 3 | import { PAPERS } from "@/data/examData";
    | ^^^^^^^^^^^^^^^^^^^^^^^^^^^^^^^^^^^^^^^^^
  4 | import type { Screen } from "@/lib/types";
  5 |
  6 | function tagStyle(kind: string) {

Import map: aliased to relative './src/data/examData' inside of [project]/

Import traces:
  Client Component Browser:
    ./src/components/screens/LibraryScreen.tsx [Client Component Browser]
    ./src/components/ExamPracticeApp.tsx [Client Component Browser]
    ./src/components/ExamPracticeApp.tsx [Server Component]
    ./src/app/page.tsx [Server Component]

  Client Component SSR:
    ./src/components/screens/LibraryScreen.tsx [Client Component SSR]
    ./src/components/ExamPracticeApp.tsx [Client Component SSR]
    ./src/components/ExamPracticeApp.tsx [Server Component]
    ./src/app/page.tsx [Server Component]

https://nextjs.org/docs/messages/module-not-found
[2026-08-16T04:56:27.888Z] [error] ./src/components/screens/PracticeScreen.tsx:3:1
Error: Module not found: Can't resolve '@/data/examData'
  1 | "use client";
  2 |
> 3 | import { PRACTICE } from "@/data/examData";
    | ^^^^^^^^^^^^^^^^^^^^^^^^^^^^^^^^^^^^^^^^^^^
  4 | import { Rich } from "@/components/Rich";
  5 | import type { ExamPracticeState } from "@/hooks/useExamPractice";
  6 |

Import map: aliased to relative './src/data/examData' inside of [project]/

Import traces:
  Client Component Browser:
    ./src/components/screens/PracticeScreen.tsx [Client Component Browser]
    ./src/components/ExamPracticeApp.tsx [Client Component Browser]
    ./src/components/ExamPracticeApp.tsx [Server Component]
    ./src/app/page.tsx [Server Component]

  Client Component SSR:
    ./src/components/screens/PracticeScreen.tsx [Client Component SSR]
    ./src/components/ExamPracticeApp.tsx [Client Component SSR]
    ./src/components/ExamPracticeApp.tsx [Server Component]
    ./src/app/page.tsx [Server Component]

https://nextjs.org/docs/messages/module-not-found
[2026-08-16T04:56:27.888Z] [error] ./src/components/screens/ReviewScreen.tsx:3:1
Error: Module not found: Can't resolve '@/data/examData'
  1 | "use client";
  2 |
> 3 | import { QUESTIONS } from "@/data/examData";
    | ^^^^^^^^^^^^^^^^^^^^^^^^^^^^^^^^^^^^^^^^^^^^
  4 | import { Rich } from "@/components/Rich";
  5 | import type { ExamPracticeState } from "@/hooks/useExamPractice";
  6 |

Import map: aliased to relative './src/data/examData' inside of [project]/

Import traces:
  Client Component Browser:
    ./src/components/screens/ReviewScreen.tsx [Client Component Browser]
    ./src/components/ExamPracticeApp.tsx [Client Component Browser]
    ./src/components/ExamPracticeApp.tsx [Server Component]
    ./src/app/page.tsx [Server Component]

  Client Component SSR:
    ./src/components/screens/ReviewScreen.tsx [Client Component SSR]
    ./src/components/ExamPracticeApp.tsx [Client Component SSR]
    ./src/components/ExamPracticeApp.tsx [Server Component]
    ./src/app/page.tsx [Server Component]

https://nextjs.org/docs/messages/module-not-found
[2026-08-16T04:56:27.888Z] [error] ./src/components/screens/SourcesScreen.tsx:3:1
Error: Module not found: Can't resolve '@/data/examData'
  1 | "use client";
  2 |
> 3 | import { SOURCES, SOURCE_GEN_STEPS, SOURCE_TOPICS } from "@/data/examData";
    | ^^^^^^^^^^^^^^^^^^^^^^^^^^^^^^^^^^^^^^^^^^^^^^^^^^^^^^^^^^^^^^^^^^^^^^^^^^^
  4 | import type { ExamPracticeState } from "@/hooks/useExamPractice";
  5 |
  6 | const COUNT_OPTIONS = ["4", "6", "8"];

Import map: aliased to relative './src/data/examData' inside of [project]/

Import traces:
  Client Component Browser:
    ./src/components/screens/SourcesScreen.tsx [Client Component Browser]
    ./src/components/ExamPracticeApp.tsx [Client Component Browser]
    ./src/components/ExamPracticeApp.tsx [Server Component]
    ./src/app/page.tsx [Server Component]

  Client Component SSR:
    ./src/components/screens/SourcesScreen.tsx [Client Component SSR]
    ./src/components/ExamPracticeApp.tsx [Client Component SSR]
    ./src/components/ExamPracticeApp.tsx [Server Component]
    ./src/app/page.tsx [Server Component]

https://nextjs.org/docs/messages/module-not-found
[2026-08-16T04:56:27.888Z] [error] ./src/components/screens/UploadScreen.tsx:4:1
Error: Module not found: Can't resolve '@/data/examData'
  2 |
  3 | import { UploadCloud } from "lucide-react";
> 4 | import { UPLOAD_STEPS } from "@/data/examData";
    | ^^^^^^^^^^^^^^^^^^^^^^^^^^^^^^^^^^^^^^^^^^^^^^^
  5 | import type { ExamPracticeState } from "@/hooks/useExamPractice";
  6 |
  7 | export function UploadScreen({ state }: { state: ExamPracticeState }) {

Import map: aliased to relative './src/data/examData' inside of [project]/

Import traces:
  Client Component Browser:
    ./src/components/screens/UploadScreen.tsx [Client Component Browser]
    ./src/components/ExamPracticeApp.tsx [Client Component Browser]
    ./src/components/ExamPracticeApp.tsx [Server Component]
    ./src/app/page.tsx [Server Component]

  Client Component SSR:
    ./src/components/screens/UploadScreen.tsx [Client Component SSR]
    ./src/components/ExamPracticeApp.tsx [Client Component SSR]
    ./src/components/ExamPracticeApp.tsx [Server Component]
    ./src/app/page.tsx [Server Component]

https://nextjs.org/docs/messages/module-not-found
[2026-08-16T04:56:27.888Z] [error] ./src/components/screens/WeakScreen.tsx:3:1
Error: Module not found: Can't resolve '@/data/examData'
  1 | "use client";
  2 |
> 3 | import { ERROR_TYPES, HEAT, TOPICS, TREND } from "@/data/examData";
    | ^^^^^^^^^^^^^^^^^^^^^^^^^^^^^^^^^^^^^^^^^^^^^^^^^^^^^^^^^^^^^^^^^^^
  4 | import type { Screen } from "@/lib/types";
  5 |
  6 | const HEAT_CELL_COLORS = ["transparent", "var(--color-accent-200)", "var(--color-...

Import map: aliased to relative './src/data/examData' inside of [project]/

Import traces:
  Client Component Browser:
    ./src/components/screens/WeakScreen.tsx [Client Component Browser]
    ./src/components/ExamPracticeApp.tsx [Client Component Browser]
    ./src/components/ExamPracticeApp.tsx [Server Component]
    ./src/app/page.tsx [Server Component]

  Client Component SSR:
    ./src/components/screens/WeakScreen.tsx [Client Component SSR]
    ./src/components/ExamPracticeApp.tsx [Client Component SSR]
    ./src/components/ExamPracticeApp.tsx [Server Component]
    ./src/app/page.tsx [Server Component]

https://nextjs.org/docs/messages/module-not-found
[2026-08-16T04:56:27.888Z] [error] ./src/components/Sidebar.tsx:15:1
Error: Module not found: Can't resolve '@/data/examData'
  13 |   UploadCloud,
  14 | } from "lucide-react";
> 15 | import { QUESTIONS } from "@/data/examData";
     | ^^^^^^^^^^^^^^^^^^^^^^^^^^^^^^^^^^^^^^^^^^^^
  16 | import type { Screen } from "@/lib/types";
  17 |
  18 | interface NavItem {

Import map: aliased to relative './src/data/examData' inside of [project]/

Import traces:
  Client Component Browser:
    ./src/components/Sidebar.tsx [Client Component Browser]
    ./src/components/ExamPracticeApp.tsx [Client Component Browser]
    ./src/components/ExamPracticeApp.tsx [Server Component]
    ./src/app/page.tsx [Server Component]

  Client Component SSR:
    ./src/components/Sidebar.tsx [Client Component SSR]
    ./src/components/ExamPracticeApp.tsx [Client Component SSR]
    ./src/components/ExamPracticeApp.tsx [Server Component]
    ./src/app/page.tsx [Server Component]

https://nextjs.org/docs/messages/module-not-found
[2026-08-16T04:56:27.888Z] [log] [Fast Refresh] rebuilding
[2026-08-16T04:56:47.520Z] [log] [Fast Refresh] rebuilding
[2026-08-16T04:56:47.646Z] [error] ./src/components/GradingOverlay.tsx:3:1
Error: Module not found: Can't resolve '@/data/examData'
  1 | "use client";
  2 |
> 3 | import { GRADE_STEPS } from "@/data/examData";
    | ^^^^^^^^^^^^^^^^^^^^^^^^^^^^^^^^^^^^^^^^^^^^^^
  4 |
  5 | export function GradingOverlay({ gradeStep }: { gradeStep: number }) {
  6 |   return (

Import map: aliased to relative './src/data/examData' inside of [project]/

Import traces:
  Client Component Browser:
    ./src/components/GradingOverlay.tsx [Client Component Browser]
    ./src/components/ExamPracticeApp.tsx [Client Component Browser]
    ./src/components/ExamPracticeApp.tsx [Server Component]
    ./src/app/page.tsx [Server Component]

  Client Component SSR:
    ./src/components/GradingOverlay.tsx [Client Component SSR]
    ./src/components/ExamPracticeApp.tsx [Client Component SSR]
    ./src/components/ExamPracticeApp.tsx [Server Component]
    ./src/app/page.tsx [Server Component]

https://nextjs.org/docs/messages/module-not-found
[2026-08-16T04:56:47.646Z] [error] ./src/components/screens/GradedScreen.tsx:4:1
Error: Module not found: Can't resolve '@/data/examData'
  2 |
  3 | import type { CSSProperties } from "react";
> 4 | import { GRADES, QUESTIONS } from "@/data/examData";
    | ^^^^^^^^^^^^^^^^^^^^^^^^^^^^^^^^^^^^^^^^^^^^^^^^^^^^
  5 | import { Rich } from "@/components/Rich";
  6 | import type { ExamPracticeState } from "@/hooks/useExamPractice";
  7 |

Import map: aliased to relative './src/data/examData' inside of [project]/

Import traces:
  Client Component Browser:
    ./src/components/screens/GradedScreen.tsx [Client Component Browser]
    ./src/components/ExamPracticeApp.tsx [Client Component Browser]
    ./src/components/ExamPracticeApp.tsx [Server Component]
    ./src/app/page.tsx [Server Component]

  Client Component SSR:
    ./src/components/screens/GradedScreen.tsx [Client Component SSR]
    ./src/components/ExamPracticeApp.tsx [Client Component SSR]
    ./src/components/ExamPracticeApp.tsx [Server Component]
    ./src/app/page.tsx [Server Component]

https://nextjs.org/docs/messages/module-not-found
[2026-08-16T04:56:47.648Z] [error] ./src/components/screens/PracticeScreen.tsx:3:1
Error: Module not found: Can't resolve '@/data/examData'
  1 | "use client";
  2 |
> 3 | import { PRACTICE } from "@/data/examData";
    | ^^^^^^^^^^^^^^^^^^^^^^^^^^^^^^^^^^^^^^^^^^^
  4 | import { Rich } from "@/components/Rich";
  5 | import type { ExamPracticeState } from "@/hooks/useExamPractice";
  6 |

Import map: aliased to relative './src/data/examData' inside of [project]/

Import traces:
  Client Component Browser:
    ./src/components/screens/PracticeScreen.tsx [Client Component Browser]
    ./src/components/ExamPracticeApp.tsx [Client Component Browser]
    ./src/components/ExamPracticeApp.tsx [Server Component]
    ./src/app/page.tsx [Server Component]

  Client Component SSR:
    ./src/components/screens/PracticeScreen.tsx [Client Component SSR]
    ./src/components/ExamPracticeApp.tsx [Client Component SSR]
    ./src/components/ExamPracticeApp.tsx [Server Component]
    ./src/app/page.tsx [Server Component]

https://nextjs.org/docs/messages/module-not-found
[2026-08-16T04:56:47.648Z] [error] ./src/components/screens/ReviewScreen.tsx:3:1
Error: Module not found: Can't resolve '@/data/examData'
  1 | "use client";
  2 |
> 3 | import { QUESTIONS } from "@/data/examData";
    | ^^^^^^^^^^^^^^^^^^^^^^^^^^^^^^^^^^^^^^^^^^^^
  4 | import { Rich } from "@/components/Rich";
  5 | import type { ExamPracticeState } from "@/hooks/useExamPractice";
  6 |

Import map: aliased to relative './src/data/examData' inside of [project]/

Import traces:
  Client Component Browser:
    ./src/components/screens/ReviewScreen.tsx [Client Component Browser]
    ./src/components/ExamPracticeApp.tsx [Client Component Browser]
    ./src/components/ExamPracticeApp.tsx [Server Component]
    ./src/app/page.tsx [Server Component]

  Client Component SSR:
    ./src/components/screens/ReviewScreen.tsx [Client Component SSR]
    ./src/components/ExamPracticeApp.tsx [Client Component SSR]
    ./src/components/ExamPracticeApp.tsx [Server Component]
    ./src/app/page.tsx [Server Component]

https://nextjs.org/docs/messages/module-not-found
[2026-08-16T04:56:47.648Z] [error] ./src/components/screens/SourcesScreen.tsx:3:1
Error: Module not found: Can't resolve '@/data/examData'
  1 | "use client";
  2 |
> 3 | import { SOURCES, SOURCE_GEN_STEPS, SOURCE_TOPICS } from "@/data/examData";
    | ^^^^^^^^^^^^^^^^^^^^^^^^^^^^^^^^^^^^^^^^^^^^^^^^^^^^^^^^^^^^^^^^^^^^^^^^^^^
  4 | import type { ExamPracticeState } from "@/hooks/useExamPractice";
  5 |
  6 | const COUNT_OPTIONS = ["4", "6", "8"];

Import map: aliased to relative './src/data/examData' inside of [project]/

Import traces:
  Client Component Browser:
    ./src/components/screens/SourcesScreen.tsx [Client Component Browser]
    ./src/components/ExamPracticeApp.tsx [Client Component Browser]
    ./src/components/ExamPracticeApp.tsx [Server Component]
    ./src/app/page.tsx [Server Component]

  Client Component SSR:
    ./src/components/screens/SourcesScreen.tsx [Client Component SSR]
    ./src/components/ExamPracticeApp.tsx [Client Component SSR]
    ./src/components/ExamPracticeApp.tsx [Server Component]
    ./src/app/page.tsx [Server Component]

https://nextjs.org/docs/messages/module-not-found
[2026-08-16T04:56:47.648Z] [error] ./src/components/screens/UploadScreen.tsx:4:1
Error: Module not found: Can't resolve '@/data/examData'
  2 |
  3 | import { UploadCloud } from "lucide-react";
> 4 | import { UPLOAD_STEPS } from "@/data/examData";
    | ^^^^^^^^^^^^^^^^^^^^^^^^^^^^^^^^^^^^^^^^^^^^^^^
  5 | import type { ExamPracticeState } from "@/hooks/useExamPractice";
  6 |
  7 | export function UploadScreen({ state }: { state: ExamPracticeState }) {

Import map: aliased to relative './src/data/examData' inside of [project]/

Import traces:
  Client Component Browser:
    ./src/components/screens/UploadScreen.tsx [Client Component Browser]
    ./src/components/ExamPracticeApp.tsx [Client Component Browser]
    ./src/components/ExamPracticeApp.tsx [Server Component]
    ./src/app/page.tsx [Server Component]

  Client Component SSR:
    ./src/components/screens/UploadScreen.tsx [Client Component SSR]
    ./src/components/ExamPracticeApp.tsx [Client Component SSR]
    ./src/components/ExamPracticeApp.tsx [Server Component]
    ./src/app/page.tsx [Server Component]

https://nextjs.org/docs/messages/module-not-found
[2026-08-16T04:56:47.648Z] [error] ./src/components/screens/WeakScreen.tsx:3:1
Error: Module not found: Can't resolve '@/data/examData'
  1 | "use client";
  2 |
> 3 | import { ERROR_TYPES, HEAT, TOPICS, TREND } from "@/data/examData";
    | ^^^^^^^^^^^^^^^^^^^^^^^^^^^^^^^^^^^^^^^^^^^^^^^^^^^^^^^^^^^^^^^^^^^
  4 | import type { Screen } from "@/lib/types";
  5 |
  6 | const HEAT_CELL_COLORS = ["transparent", "var(--color-accent-200)", "var(--color-...

Import map: aliased to relative './src/data/examData' inside of [project]/

Import traces:
  Client Component Browser:
    ./src/components/screens/WeakScreen.tsx [Client Component Browser]
    ./src/components/ExamPracticeApp.tsx [Client Component Browser]
    ./src/components/ExamPracticeApp.tsx [Server Component]
    ./src/app/page.tsx [Server Component]

  Client Component SSR:
    ./src/components/screens/WeakScreen.tsx [Client Component SSR]
    ./src/components/ExamPracticeApp.tsx [Client Component SSR]
    ./src/components/ExamPracticeApp.tsx [Server Component]
    ./src/app/page.tsx [Server Component]

https://nextjs.org/docs/messages/module-not-found
[2026-08-16T04:57:04.723Z] [log] [Fast Refresh] rebuilding
[2026-08-16T04:57:05.104Z] [error] ./src/components/GradingOverlay.tsx:3:1
Error: Module not found: Can't resolve '@/data/examData'
  1 | "use client";
  2 |
> 3 | import { GRADE_STEPS } from "@/data/examData";
    | ^^^^^^^^^^^^^^^^^^^^^^^^^^^^^^^^^^^^^^^^^^^^^^
  4 |
  5 | export function GradingOverlay({ gradeStep }: { gradeStep: number }) {
  6 |   return (

Import map: aliased to relative './src/data/examData' inside of [project]/

Import traces:
  Client Component Browser:
    ./src/components/GradingOverlay.tsx [Client Component Browser]
    ./src/components/ExamPracticeApp.tsx [Client Component Browser]
    ./src/components/ExamPracticeApp.tsx [Server Component]
    ./src/app/page.tsx [Server Component]

  Client Component SSR:
    ./src/components/GradingOverlay.tsx [Client Component SSR]
    ./src/components/ExamPracticeApp.tsx [Client Component SSR]
    ./src/components/ExamPracticeApp.tsx [Server Component]
    ./src/app/page.tsx [Server Component]

https://nextjs.org/docs/messages/module-not-found
[2026-08-16T04:57:05.116Z] [error] ./src/components/screens/GradedScreen.tsx:4:1
Error: Module not found: Can't resolve '@/data/examData'
  2 |
  3 | import type { CSSProperties } from "react";
> 4 | import { GRADES, QUESTIONS } from "@/data/examData";
    | ^^^^^^^^^^^^^^^^^^^^^^^^^^^^^^^^^^^^^^^^^^^^^^^^^^^^
  5 | import { Rich } from "@/components/Rich";
  6 | import type { ExamPracticeState } from "@/hooks/useExamPractice";
  7 |

Import map: aliased to relative './src/data/examData' inside of [project]/

Import traces:
  Client Component Browser:
    ./src/components/screens/GradedScreen.tsx [Client Component Browser]
    ./src/components/ExamPracticeApp.tsx [Client Component Browser]
    ./src/components/ExamPracticeApp.tsx [Server Component]
    ./src/app/page.tsx [Server Component]

  Client Component SSR:
    ./src/components/screens/GradedScreen.tsx [Client Component SSR]
    ./src/components/ExamPracticeApp.tsx [Client Component SSR]
    ./src/components/ExamPracticeApp.tsx [Server Component]
    ./src/app/page.tsx [Server Component]

https://nextjs.org/docs/messages/module-not-found
[2026-08-16T04:57:05.116Z] [error] ./src/components/screens/PracticeScreen.tsx:3:1
Error: Module not found: Can't resolve '@/data/examData'
  1 | "use client";
  2 |
> 3 | import { PRACTICE } from "@/data/examData";
    | ^^^^^^^^^^^^^^^^^^^^^^^^^^^^^^^^^^^^^^^^^^^
  4 | import { Rich } from "@/components/Rich";
  5 | import type { ExamPracticeState } from "@/hooks/useExamPractice";
  6 |

Import map: aliased to relative './src/data/examData' inside of [project]/

Import traces:
  Client Component Browser:
    ./src/components/screens/PracticeScreen.tsx [Client Component Browser]
    ./src/components/ExamPracticeApp.tsx [Client Component Browser]
    ./src/components/ExamPracticeApp.tsx [Server Component]
    ./src/app/page.tsx [Server Component]

  Client Component SSR:
    ./src/components/screens/PracticeScreen.tsx [Client Component SSR]
    ./src/components/ExamPracticeApp.tsx [Client Component SSR]
    ./src/components/ExamPracticeApp.tsx [Server Component]
    ./src/app/page.tsx [Server Component]

https://nextjs.org/docs/messages/module-not-found
[2026-08-16T04:57:05.140Z] [error] ./src/components/screens/ReviewScreen.tsx:3:1
Error: Module not found: Can't resolve '@/data/examData'
  1 | "use client";
  2 |
> 3 | import { QUESTIONS } from "@/data/examData";
    | ^^^^^^^^^^^^^^^^^^^^^^^^^^^^^^^^^^^^^^^^^^^^
  4 | import { Rich } from "@/components/Rich";
  5 | import type { ExamPracticeState } from "@/hooks/useExamPractice";
  6 |

Import map: aliased to relative './src/data/examData' inside of [project]/

Import traces:
  Client Component Browser:
    ./src/components/screens/ReviewScreen.tsx [Client Component Browser]
    ./src/components/ExamPracticeApp.tsx [Client Component Browser]
    ./src/components/ExamPracticeApp.tsx [Server Component]
    ./src/app/page.tsx [Server Component]

  Client Component SSR:
    ./src/components/screens/ReviewScreen.tsx [Client Component SSR]
    ./src/components/ExamPracticeApp.tsx [Client Component SSR]
    ./src/components/ExamPracticeApp.tsx [Server Component]
    ./src/app/page.tsx [Server Component]

https://nextjs.org/docs/messages/module-not-found
[2026-08-16T04:57:05.140Z] [error] ./src/components/screens/SourcesScreen.tsx:3:1
Error: Module not found: Can't resolve '@/data/examData'
  1 | "use client";
  2 |
> 3 | import { SOURCES, SOURCE_GEN_STEPS, SOURCE_TOPICS } from "@/data/examData";
    | ^^^^^^^^^^^^^^^^^^^^^^^^^^^^^^^^^^^^^^^^^^^^^^^^^^^^^^^^^^^^^^^^^^^^^^^^^^^
  4 | import type { ExamPracticeState } from "@/hooks/useExamPractice";
  5 |
  6 | const COUNT_OPTIONS = ["4", "6", "8"];

Import map: aliased to relative './src/data/examData' inside of [project]/

Import traces:
  Client Component Browser:
    ./src/components/screens/SourcesScreen.tsx [Client Component Browser]
    ./src/components/ExamPracticeApp.tsx [Client Component Browser]
    ./src/components/ExamPracticeApp.tsx [Server Component]
    ./src/app/page.tsx [Server Component]

  Client Component SSR:
    ./src/components/screens/SourcesScreen.tsx [Client Component SSR]
    ./src/components/ExamPracticeApp.tsx [Client Component SSR]
    ./src/components/ExamPracticeApp.tsx [Server Component]
    ./src/app/page.tsx [Server Component]

https://nextjs.org/docs/messages/module-not-found
[2026-08-16T04:57:05.141Z] [error] ./src/components/screens/WeakScreen.tsx:3:1
Error: Module not found: Can't resolve '@/data/examData'
  1 | "use client";
  2 |
> 3 | import { ERROR_TYPES, HEAT, TOPICS, TREND } from "@/data/examData";
    | ^^^^^^^^^^^^^^^^^^^^^^^^^^^^^^^^^^^^^^^^^^^^^^^^^^^^^^^^^^^^^^^^^^^
  4 | import type { Screen } from "@/lib/types";
  5 |
  6 | const HEAT_CELL_COLORS = ["transparent", "var(--color-accent-200)", "var(--color-...

Import map: aliased to relative './src/data/examData' inside of [project]/

Import traces:
  Client Component Browser:
    ./src/components/screens/WeakScreen.tsx [Client Component Browser]
    ./src/components/ExamPracticeApp.tsx [Client Component Browser]
    ./src/components/ExamPracticeApp.tsx [Server Component]
    ./src/app/page.tsx [Server Component]

  Client Component SSR:
    ./src/components/screens/WeakScreen.tsx [Client Component SSR]
    ./src/components/ExamPracticeApp.tsx [Client Component SSR]
    ./src/components/ExamPracticeApp.tsx [Server Component]
    ./src/app/page.tsx [Server Component]

https://nextjs.org/docs/messages/module-not-found
[2026-08-16T04:57:07.738Z] [error] ./src/components/GradingOverlay.tsx:3:1
Error: Module not found: Can't resolve '@/data/examData'
  1 | "use client";
  2 |
> 3 | import { GRADE_STEPS } from "@/data/examData";
    | ^^^^^^^^^^^^^^^^^^^^^^^^^^^^^^^^^^^^^^^^^^^^^^
  4 |
  5 | export function GradingOverlay({ gradeStep }: { gradeStep: number }) {
  6 |   return (

Import map: aliased to relative './src/data/examData' inside of [project]/

Import traces:
  Client Component Browser:
    ./src/components/GradingOverlay.tsx [Client Component Browser]
    ./src/components/ExamPracticeApp.tsx [Client Component Browser]
    ./src/components/ExamPracticeApp.tsx [Server Component]
    ./src/app/page.tsx [Server Component]

  Client Component SSR:
    ./src/components/GradingOverlay.tsx [Client Component SSR]
    ./src/components/ExamPracticeApp.tsx [Client Component SSR]
    ./src/components/ExamPracticeApp.tsx [Server Component]
    ./src/app/page.tsx [Server Component]

https://nextjs.org/docs/messages/module-not-found
[2026-08-16T04:57:07.738Z] [error] ./src/components/screens/GradedScreen.tsx:4:1
Error: Module not found: Can't resolve '@/data/examData'
  2 |
  3 | import type { CSSProperties } from "react";
> 4 | import { GRADES, QUESTIONS } from "@/data/examData";
    | ^^^^^^^^^^^^^^^^^^^^^^^^^^^^^^^^^^^^^^^^^^^^^^^^^^^^
  5 | import { Rich } from "@/components/Rich";
  6 | import type { ExamPracticeState } from "@/hooks/useExamPractice";
  7 |

Import map: aliased to relative './src/data/examData' inside of [project]/

Import traces:
  Client Component Browser:
    ./src/components/screens/GradedScreen.tsx [Client Component Browser]
    ./src/components/ExamPracticeApp.tsx [Client Component Browser]
    ./src/components/ExamPracticeApp.tsx [Server Component]
    ./src/app/page.tsx [Server Component]

  Client Component SSR:
    ./src/components/screens/GradedScreen.tsx [Client Component SSR]
    ./src/components/ExamPracticeApp.tsx [Client Component SSR]
    ./src/components/ExamPracticeApp.tsx [Server Component]
    ./src/app/page.tsx [Server Component]

https://nextjs.org/docs/messages/module-not-found
[2026-08-16T04:57:07.738Z] [error] ./src/components/screens/PracticeScreen.tsx:3:1
Error: Module not found: Can't resolve '@/data/examData'
  1 | "use client";
  2 |
> 3 | import { PRACTICE } from "@/data/examData";
    | ^^^^^^^^^^^^^^^^^^^^^^^^^^^^^^^^^^^^^^^^^^^
  4 | import { Rich } from "@/components/Rich";
  5 | import type { ExamPracticeState } from "@/hooks/useExamPractice";
  6 |

Import map: aliased to relative './src/data/examData' inside of [project]/

Import traces:
  Client Component Browser:
    ./src/components/screens/PracticeScreen.tsx [Client Component Browser]
    ./src/components/ExamPracticeApp.tsx [Client Component Browser]
    ./src/components/ExamPracticeApp.tsx [Server Component]
    ./src/app/page.tsx [Server Component]

  Client Component SSR:
    ./src/components/screens/PracticeScreen.tsx [Client Component SSR]
    ./src/components/ExamPracticeApp.tsx [Client Component SSR]
    ./src/components/ExamPracticeApp.tsx [Server Component]
    ./src/app/page.tsx [Server Component]

https://nextjs.org/docs/messages/module-not-found
[2026-08-16T04:57:07.738Z] [error] ./src/components/screens/ReviewScreen.tsx:3:1
Error: Module not found: Can't resolve '@/data/examData'
  1 | "use client";
  2 |
> 3 | import { QUESTIONS } from "@/data/examData";
    | ^^^^^^^^^^^^^^^^^^^^^^^^^^^^^^^^^^^^^^^^^^^^
  4 | import { Rich } from "@/components/Rich";
  5 | import type { ExamPracticeState } from "@/hooks/useExamPractice";
  6 |

Import map: aliased to relative './src/data/examData' inside of [project]/

Import traces:
  Client Component Browser:
    ./src/components/screens/ReviewScreen.tsx [Client Component Browser]
    ./src/components/ExamPracticeApp.tsx [Client Component Browser]
    ./src/components/ExamPracticeApp.tsx [Server Component]
    ./src/app/page.tsx [Server Component]

  Client Component SSR:
    ./src/components/screens/ReviewScreen.tsx [Client Component SSR]
    ./src/components/ExamPracticeApp.tsx [Client Component SSR]
    ./src/components/ExamPracticeApp.tsx [Server Component]
    ./src/app/page.tsx [Server Component]

https://nextjs.org/docs/messages/module-not-found
[2026-08-16T04:57:07.738Z] [error] ./src/components/screens/SourcesScreen.tsx:3:1
Error: Module not found: Can't resolve '@/data/examData'
  1 | "use client";
  2 |
> 3 | import { SOURCES, SOURCE_GEN_STEPS, SOURCE_TOPICS } from "@/data/examData";
    | ^^^^^^^^^^^^^^^^^^^^^^^^^^^^^^^^^^^^^^^^^^^^^^^^^^^^^^^^^^^^^^^^^^^^^^^^^^^
  4 | import type { ExamPracticeState } from "@/hooks/useExamPractice";
  5 |
  6 | const COUNT_OPTIONS = ["4", "6", "8"];

Import map: aliased to relative './src/data/examData' inside of [project]/

Import traces:
  Client Component Browser:
    ./src/components/screens/SourcesScreen.tsx [Client Component Browser]
    ./src/components/ExamPracticeApp.tsx [Client Component Browser]
    ./src/components/ExamPracticeApp.tsx [Server Component]
    ./src/app/page.tsx [Server Component]

  Client Component SSR:
    ./src/components/screens/SourcesScreen.tsx [Client Component SSR]
    ./src/components/ExamPracticeApp.tsx [Client Component SSR]
    ./src/components/ExamPracticeApp.tsx [Server Component]
    ./src/app/page.tsx [Server Component]

https://nextjs.org/docs/messages/module-not-found
[2026-08-16T04:57:07.739Z] [error] ./src/components/screens/WeakScreen.tsx:3:1
Error: Module not found: Can't resolve '@/data/examData'
  1 | "use client";
  2 |
> 3 | import { ERROR_TYPES, HEAT, TOPICS, TREND } from "@/data/examData";
    | ^^^^^^^^^^^^^^^^^^^^^^^^^^^^^^^^^^^^^^^^^^^^^^^^^^^^^^^^^^^^^^^^^^^
  4 | import type { Screen } from "@/lib/types";
  5 |
  6 | const HEAT_CELL_COLORS = ["transparent", "var(--color-accent-200)", "var(--color-...

Import map: aliased to relative './src/data/examData' inside of [project]/

Import traces:
  Client Component Browser:
    ./src/components/screens/WeakScreen.tsx [Client Component Browser]
    ./src/components/ExamPracticeApp.tsx [Client Component Browser]
    ./src/components/ExamPracticeApp.tsx [Server Component]
    ./src/app/page.tsx [Server Component]

  Client Component SSR:
    ./src/components/screens/WeakScreen.tsx [Client Component SSR]
    ./src/components/ExamPracticeApp.tsx [Client Component SSR]
    ./src/components/ExamPracticeApp.tsx [Server Component]
    ./src/app/page.tsx [Server Component]

https://nextjs.org/docs/messages/module-not-found
[2026-08-16T04:57:07.920Z] [log] [Fast Refresh] rebuilding
[2026-08-16T04:57:07.935Z] [error] ./src/components/GradingOverlay.tsx:3:1
Error: Module not found: Can't resolve '@/data/examData'
  1 | "use client";
  2 |
> 3 | import { GRADE_STEPS } from "@/data/examData";
    | ^^^^^^^^^^^^^^^^^^^^^^^^^^^^^^^^^^^^^^^^^^^^^^
  4 |
  5 | export function GradingOverlay({ gradeStep }: { gradeStep: number }) {
  6 |   return (

Import map: aliased to relative './src/data/examData' inside of [project]/

Import traces:
  Client Component Browser:
    ./src/components/GradingOverlay.tsx [Client Component Browser]
    ./src/components/ExamPracticeApp.tsx [Client Component Browser]
    ./src/components/ExamPracticeApp.tsx [Server Component]
    ./src/app/page.tsx [Server Component]

  Client Component SSR:
    ./src/components/GradingOverlay.tsx [Client Component SSR]
    ./src/components/ExamPracticeApp.tsx [Client Component SSR]
    ./src/components/ExamPracticeApp.tsx [Server Component]
    ./src/app/page.tsx [Server Component]

https://nextjs.org/docs/messages/module-not-found
[2026-08-16T04:57:07.937Z] [error] ./src/components/screens/GradedScreen.tsx:4:1
Error: Module not found: Can't resolve '@/data/examData'
  2 |
  3 | import type { CSSProperties } from "react";
> 4 | import { GRADES, QUESTIONS } from "@/data/examData";
    | ^^^^^^^^^^^^^^^^^^^^^^^^^^^^^^^^^^^^^^^^^^^^^^^^^^^^
  5 | import { Rich } from "@/components/Rich";
  6 | import type { ExamPracticeState } from "@/hooks/useExamPractice";
  7 |

Import map: aliased to relative './src/data/examData' inside of [project]/

Import traces:
  Client Component Browser:
    ./src/components/screens/GradedScreen.tsx [Client Component Browser]
    ./src/components/ExamPracticeApp.tsx [Client Component Browser]
    ./src/components/ExamPracticeApp.tsx [Server Component]
    ./src/app/page.tsx [Server Component]

  Client Component SSR:
    ./src/components/screens/GradedScreen.tsx [Client Component SSR]
    ./src/components/ExamPracticeApp.tsx [Client Component SSR]
    ./src/components/ExamPracticeApp.tsx [Server Component]
    ./src/app/page.tsx [Server Component]

https://nextjs.org/docs/messages/module-not-found
[2026-08-16T04:57:07.937Z] [error] ./src/components/screens/PracticeScreen.tsx:3:1
Error: Module not found: Can't resolve '@/data/examData'
  1 | "use client";
  2 |
> 3 | import { PRACTICE } from "@/data/examData";
    | ^^^^^^^^^^^^^^^^^^^^^^^^^^^^^^^^^^^^^^^^^^^
  4 | import { Rich } from "@/components/Rich";
  5 | import type { ExamPracticeState } from "@/hooks/useExamPractice";
  6 |

Import map: aliased to relative './src/data/examData' inside of [project]/

Import traces:
  Client Component Browser:
    ./src/components/screens/PracticeScreen.tsx [Client Component Browser]
    ./src/components/ExamPracticeApp.tsx [Client Component Browser]
    ./src/components/ExamPracticeApp.tsx [Server Component]
    ./src/app/page.tsx [Server Component]

  Client Component SSR:
    ./src/components/screens/PracticeScreen.tsx [Client Component SSR]
    ./src/components/ExamPracticeApp.tsx [Client Component SSR]
    ./src/components/ExamPracticeApp.tsx [Server Component]
    ./src/app/page.tsx [Server Component]

https://nextjs.org/docs/messages/module-not-found
[2026-08-16T04:57:07.937Z] [error] ./src/components/screens/ReviewScreen.tsx:3:1
Error: Module not found: Can't resolve '@/data/examData'
  1 | "use client";
  2 |
> 3 | import { QUESTIONS } from "@/data/examData";
    | ^^^^^^^^^^^^^^^^^^^^^^^^^^^^^^^^^^^^^^^^^^^^
  4 | import { Rich } from "@/components/Rich";
  5 | import type { ExamPracticeState } from "@/hooks/useExamPractice";
  6 |

Import map: aliased to relative './src/data/examData' inside of [project]/

Import traces:
  Client Component Browser:
    ./src/components/screens/ReviewScreen.tsx [Client Component Browser]
    ./src/components/ExamPracticeApp.tsx [Client Component Browser]
    ./src/components/ExamPracticeApp.tsx [Server Component]
    ./src/app/page.tsx [Server Component]

  Client Component SSR:
    ./src/components/screens/ReviewScreen.tsx [Client Component SSR]
    ./src/components/ExamPracticeApp.tsx [Client Component SSR]
    ./src/components/ExamPracticeApp.tsx [Server Component]
    ./src/app/page.tsx [Server Component]

https://nextjs.org/docs/messages/module-not-found
[2026-08-16T04:57:07.938Z] [error] ./src/components/screens/SourcesScreen.tsx:3:1
Error: Module not found: Can't resolve '@/data/examData'
  1 | "use client";
  2 |
> 3 | import { SOURCES, SOURCE_GEN_STEPS, SOURCE_TOPICS } from "@/data/examData";
    | ^^^^^^^^^^^^^^^^^^^^^^^^^^^^^^^^^^^^^^^^^^^^^^^^^^^^^^^^^^^^^^^^^^^^^^^^^^^
  4 | import type { ExamPracticeState } from "@/hooks/useExamPractice";
  5 |
  6 | const COUNT_OPTIONS = ["4", "6", "8"];

Import map: aliased to relative './src/data/examData' inside of [project]/

Import traces:
  Client Component Browser:
    ./src/components/screens/SourcesScreen.tsx [Client Component Browser]
    ./src/components/ExamPracticeApp.tsx [Client Component Browser]
    ./src/components/ExamPracticeApp.tsx [Server Component]
    ./src/app/page.tsx [Server Component]

  Client Component SSR:
    ./src/components/screens/SourcesScreen.tsx [Client Component SSR]
    ./src/components/ExamPracticeApp.tsx [Client Component SSR]
    ./src/components/ExamPracticeApp.tsx [Server Component]
    ./src/app/page.tsx [Server Component]

https://nextjs.org/docs/messages/module-not-found
[2026-08-16T04:57:07.938Z] [error] ./src/components/screens/WeakScreen.tsx:3:1
Error: Module not found: Can't resolve '@/data/examData'
  1 | "use client";
  2 |
> 3 | import { ERROR_TYPES, HEAT, TOPICS, TREND } from "@/data/examData";
    | ^^^^^^^^^^^^^^^^^^^^^^^^^^^^^^^^^^^^^^^^^^^^^^^^^^^^^^^^^^^^^^^^^^^
  4 | import type { Screen } from "@/lib/types";
  5 |
  6 | const HEAT_CELL_COLORS = ["transparent", "var(--color-accent-200)", "var(--color-...

Import map: aliased to relative './src/data/examData' inside of [project]/

Import traces:
  Client Component Browser:
    ./src/components/screens/WeakScreen.tsx [Client Component Browser]
    ./src/components/ExamPracticeApp.tsx [Client Component Browser]
    ./src/components/ExamPracticeApp.tsx [Server Component]
    ./src/app/page.tsx [Server Component]

  Client Component SSR:
    ./src/components/screens/WeakScreen.tsx [Client Component SSR]
    ./src/components/ExamPracticeApp.tsx [Client Component SSR]
    ./src/components/ExamPracticeApp.tsx [Server Component]
    ./src/app/page.tsx [Server Component]

https://nextjs.org/docs/messages/module-not-found
[2026-08-16T04:57:07.969Z] [error] ./src/components/GradingOverlay.tsx:3:1
Error: Module not found: Can't resolve '@/data/examData'
  1 | "use client";
  2 |
> 3 | import { GRADE_STEPS } from "@/data/examData";
    | ^^^^^^^^^^^^^^^^^^^^^^^^^^^^^^^^^^^^^^^^^^^^^^
  4 |
  5 | export function GradingOverlay({ gradeStep }: { gradeStep: number }) {
  6 |   return (

Import map: aliased to relative './src/data/examData' inside of [project]/

Import traces:
  Client Component Browser:
    ./src/components/GradingOverlay.tsx [Client Component Browser]
    ./src/components/ExamPracticeApp.tsx [Client Component Browser]
    ./src/components/ExamPracticeApp.tsx [Server Component]
    ./src/app/page.tsx [Server Component]

  Client Component SSR:
    ./src/components/GradingOverlay.tsx [Client Component SSR]
    ./src/components/ExamPracticeApp.tsx [Client Component SSR]
    ./src/components/ExamPracticeApp.tsx [Server Component]
    ./src/app/page.tsx [Server Component]

https://nextjs.org/docs/messages/module-not-found
[2026-08-16T04:57:07.973Z] [error] ./src/components/screens/GradedScreen.tsx:4:1
Error: Module not found: Can't resolve '@/data/examData'
  2 |
  3 | import type { CSSProperties } from "react";
> 4 | import { GRADES, QUESTIONS } from "@/data/examData";
    | ^^^^^^^^^^^^^^^^^^^^^^^^^^^^^^^^^^^^^^^^^^^^^^^^^^^^
  5 | import { Rich } from "@/components/Rich";
  6 | import type { ExamPracticeState } from "@/hooks/useExamPractice";
  7 |

Import map: aliased to relative './src/data/examData' inside of [project]/

Import traces:
  Client Component Browser:
    ./src/components/screens/GradedScreen.tsx [Client Component Browser]
    ./src/components/ExamPracticeApp.tsx [Client Component Browser]
    ./src/components/ExamPracticeApp.tsx [Server Component]
    ./src/app/page.tsx [Server Component]

  Client Component SSR:
    ./src/components/screens/GradedScreen.tsx [Client Component SSR]
    ./src/components/ExamPracticeApp.tsx [Client Component SSR]
    ./src/components/ExamPracticeApp.tsx [Server Component]
    ./src/app/page.tsx [Server Component]

https://nextjs.org/docs/messages/module-not-found
[2026-08-16T04:57:07.973Z] [error] ./src/components/screens/PracticeScreen.tsx:3:1
Error: Module not found: Can't resolve '@/data/examData'
  1 | "use client";
  2 |
> 3 | import { PRACTICE } from "@/data/examData";
    | ^^^^^^^^^^^^^^^^^^^^^^^^^^^^^^^^^^^^^^^^^^^
  4 | import { Rich } from "@/components/Rich";
  5 | import type { ExamPracticeState } from "@/hooks/useExamPractice";
  6 |

Import map: aliased to relative './src/data/examData' inside of [project]/

Import traces:
  Client Component Browser:
    ./src/components/screens/PracticeScreen.tsx [Client Component Browser]
    ./src/components/ExamPracticeApp.tsx [Client Component Browser]
    ./src/components/ExamPracticeApp.tsx [Server Component]
    ./src/app/page.tsx [Server Component]

  Client Component SSR:
    ./src/components/screens/PracticeScreen.tsx [Client Component SSR]
    ./src/components/ExamPracticeApp.tsx [Client Component SSR]
    ./src/components/ExamPracticeApp.tsx [Server Component]
    ./src/app/page.tsx [Server Component]

https://nextjs.org/docs/messages/module-not-found
[2026-08-16T04:57:07.973Z] [error] ./src/components/screens/ReviewScreen.tsx:3:1
Error: Module not found: Can't resolve '@/data/examData'
  1 | "use client";
  2 |
> 3 | import { QUESTIONS } from "@/data/examData";
    | ^^^^^^^^^^^^^^^^^^^^^^^^^^^^^^^^^^^^^^^^^^^^
  4 | import { Rich } from "@/components/Rich";
  5 | import type { ExamPracticeState } from "@/hooks/useExamPractice";
  6 |

Import map: aliased to relative './src/data/examData' inside of [project]/

Import traces:
  Client Component Browser:
    ./src/components/screens/ReviewScreen.tsx [Client Component Browser]
    ./src/components/ExamPracticeApp.tsx [Client Component Browser]
    ./src/components/ExamPracticeApp.tsx [Server Component]
    ./src/app/page.tsx [Server Component]

  Client Component SSR:
    ./src/components/screens/ReviewScreen.tsx [Client Component SSR]
    ./src/components/ExamPracticeApp.tsx [Client Component SSR]
    ./src/components/ExamPracticeApp.tsx [Server Component]
    ./src/app/page.tsx [Server Component]

https://nextjs.org/docs/messages/module-not-found
[2026-08-16T04:57:07.973Z] [error] ./src/components/screens/SourcesScreen.tsx:3:1
Error: Module not found: Can't resolve '@/data/examData'
  1 | "use client";
  2 |
> 3 | import { SOURCES, SOURCE_GEN_STEPS, SOURCE_TOPICS } from "@/data/examData";
    | ^^^^^^^^^^^^^^^^^^^^^^^^^^^^^^^^^^^^^^^^^^^^^^^^^^^^^^^^^^^^^^^^^^^^^^^^^^^
  4 | import type { ExamPracticeState } from "@/hooks/useExamPractice";
  5 |
  6 | const COUNT_OPTIONS = ["4", "6", "8"];

Import map: aliased to relative './src/data/examData' inside of [project]/

Import traces:
  Client Component Browser:
    ./src/components/screens/SourcesScreen.tsx [Client Component Browser]
    ./src/components/ExamPracticeApp.tsx [Client Component Browser]
    ./src/components/ExamPracticeApp.tsx [Server Component]
    ./src/app/page.tsx [Server Component]

  Client Component SSR:
    ./src/components/screens/SourcesScreen.tsx [Client Component SSR]
    ./src/components/ExamPracticeApp.tsx [Client Component SSR]
    ./src/components/ExamPracticeApp.tsx [Server Component]
    ./src/app/page.tsx [Server Component]

https://nextjs.org/docs/messages/module-not-found
[2026-08-16T04:57:07.974Z] [error] ./src/components/screens/WeakScreen.tsx:3:1
Error: Module not found: Can't resolve '@/data/examData'
  1 | "use client";
  2 |
> 3 | import { ERROR_TYPES, HEAT, TOPICS, TREND } from "@/data/examData";
    | ^^^^^^^^^^^^^^^^^^^^^^^^^^^^^^^^^^^^^^^^^^^^^^^^^^^^^^^^^^^^^^^^^^^
  4 | import type { Screen } from "@/lib/types";
  5 |
  6 | const HEAT_CELL_COLORS = ["transparent", "var(--color-accent-200)", "var(--color-...

Import map: aliased to relative './src/data/examData' inside of [project]/

Import traces:
  Client Component Browser:
    ./src/components/screens/WeakScreen.tsx [Client Component Browser]
    ./src/components/ExamPracticeApp.tsx [Client Component Browser]
    ./src/components/ExamPracticeApp.tsx [Server Component]
    ./src/app/page.tsx [Server Component]

  Client Component SSR:
    ./src/components/screens/WeakScreen.tsx [Client Component SSR]
    ./src/components/ExamPracticeApp.tsx [Client Component SSR]
    ./src/components/ExamPracticeApp.tsx [Server Component]
    ./src/app/page.tsx [Server Component]

https://nextjs.org/docs/messages/module-not-found
[2026-08-16T04:57:08.163Z] [error] ./src/components/GradingOverlay.tsx:3:1
Error: Module not found: Can't resolve '@/data/examData'
  1 | "use client";
  2 |
> 3 | import { GRADE_STEPS } from "@/data/examData";
    | ^^^^^^^^^^^^^^^^^^^^^^^^^^^^^^^^^^^^^^^^^^^^^^
  4 |
  5 | export function GradingOverlay({ gradeStep }: { gradeStep: number }) {
  6 |   return (

Import map: aliased to relative './src/data/examData' inside of [project]/

Import traces:
  Client Component Browser:
    ./src/components/GradingOverlay.tsx [Client Component Browser]
    ./src/components/ExamPracticeApp.tsx [Client Component Browser]
    ./src/components/ExamPracticeApp.tsx [Server Component]
    ./src/app/page.tsx [Server Component]

  Client Component SSR:
    ./src/components/GradingOverlay.tsx [Client Component SSR]
    ./src/components/ExamPracticeApp.tsx [Client Component SSR]
    ./src/components/ExamPracticeApp.tsx [Server Component]
    ./src/app/page.tsx [Server Component]

https://nextjs.org/docs/messages/module-not-found
[2026-08-16T04:57:08.163Z] [error] ./src/components/screens/GradedScreen.tsx:4:1
Error: Module not found: Can't resolve '@/data/examData'
  2 |
  3 | import type { CSSProperties } from "react";
> 4 | import { GRADES, QUESTIONS } from "@/data/examData";
    | ^^^^^^^^^^^^^^^^^^^^^^^^^^^^^^^^^^^^^^^^^^^^^^^^^^^^
  5 | import { Rich } from "@/components/Rich";
  6 | import type { ExamPracticeState } from "@/hooks/useExamPractice";
  7 |

Import map: aliased to relative './src/data/examData' inside of [project]/

Import traces:
  Client Component Browser:
    ./src/components/screens/GradedScreen.tsx [Client Component Browser]
    ./src/components/ExamPracticeApp.tsx [Client Component Browser]
    ./src/components/ExamPracticeApp.tsx [Server Component]
    ./src/app/page.tsx [Server Component]

  Client Component SSR:
    ./src/components/screens/GradedScreen.tsx [Client Component SSR]
    ./src/components/ExamPracticeApp.tsx [Client Component SSR]
    ./src/components/ExamPracticeApp.tsx [Server Component]
    ./src/app/page.tsx [Server Component]

https://nextjs.org/docs/messages/module-not-found
[2026-08-16T04:57:08.163Z] [error] ./src/components/screens/PracticeScreen.tsx:3:1
Error: Module not found: Can't resolve '@/data/examData'
  1 | "use client";
  2 |
> 3 | import { PRACTICE } from "@/data/examData";
    | ^^^^^^^^^^^^^^^^^^^^^^^^^^^^^^^^^^^^^^^^^^^
  4 | import { Rich } from "@/components/Rich";
  5 | import type { ExamPracticeState } from "@/hooks/useExamPractice";
  6 |

Import map: aliased to relative './src/data/examData' inside of [project]/

Import traces:
  Client Component Browser:
    ./src/components/screens/PracticeScreen.tsx [Client Component Browser]
    ./src/components/ExamPracticeApp.tsx [Client Component Browser]
    ./src/components/ExamPracticeApp.tsx [Server Component]
    ./src/app/page.tsx [Server Component]

  Client Component SSR:
    ./src/components/screens/PracticeScreen.tsx [Client Component SSR]
    ./src/components/ExamPracticeApp.tsx [Client Component SSR]
    ./src/components/ExamPracticeApp.tsx [Server Component]
    ./src/app/page.tsx [Server Component]

https://nextjs.org/docs/messages/module-not-found
[2026-08-16T04:57:08.163Z] [error] ./src/components/screens/ReviewScreen.tsx:3:1
Error: Module not found: Can't resolve '@/data/examData'
  1 | "use client";
  2 |
> 3 | import { QUESTIONS } from "@/data/examData";
    | ^^^^^^^^^^^^^^^^^^^^^^^^^^^^^^^^^^^^^^^^^^^^
  4 | import { Rich } from "@/components/Rich";
  5 | import type { ExamPracticeState } from "@/hooks/useExamPractice";
  6 |

Import map: aliased to relative './src/data/examData' inside of [project]/

Import traces:
  Client Component Browser:
    ./src/components/screens/ReviewScreen.tsx [Client Component Browser]
    ./src/components/ExamPracticeApp.tsx [Client Component Browser]
    ./src/components/ExamPracticeApp.tsx [Server Component]
    ./src/app/page.tsx [Server Component]

  Client Component SSR:
    ./src/components/screens/ReviewScreen.tsx [Client Component SSR]
    ./src/components/ExamPracticeApp.tsx [Client Component SSR]
    ./src/components/ExamPracticeApp.tsx [Server Component]
    ./src/app/page.tsx [Server Component]

https://nextjs.org/docs/messages/module-not-found
[2026-08-16T04:57:08.163Z] [error] ./src/components/screens/SourcesScreen.tsx:3:1
Error: Module not found: Can't resolve '@/data/examData'
  1 | "use client";
  2 |
> 3 | import { SOURCES, SOURCE_GEN_STEPS, SOURCE_TOPICS } from "@/data/examData";
    | ^^^^^^^^^^^^^^^^^^^^^^^^^^^^^^^^^^^^^^^^^^^^^^^^^^^^^^^^^^^^^^^^^^^^^^^^^^^
  4 | import type { ExamPracticeState } from "@/hooks/useExamPractice";
  5 |
  6 | const COUNT_OPTIONS = ["4", "6", "8"];

Import map: aliased to relative './src/data/examData' inside of [project]/

Import traces:
  Client Component Browser:
    ./src/components/screens/SourcesScreen.tsx [Client Component Browser]
    ./src/components/ExamPracticeApp.tsx [Client Component Browser]
    ./src/components/ExamPracticeApp.tsx [Server Component]
    ./src/app/page.tsx [Server Component]

  Client Component SSR:
    ./src/components/screens/SourcesScreen.tsx [Client Component SSR]
    ./src/components/ExamPracticeApp.tsx [Client Component SSR]
    ./src/components/ExamPracticeApp.tsx [Server Component]
    ./src/app/page.tsx [Server Component]

https://nextjs.org/docs/messages/module-not-found
[2026-08-16T04:57:08.164Z] [error] ./src/components/screens/WeakScreen.tsx:3:1
Error: Module not found: Can't resolve '@/data/examData'
  1 | "use client";
  2 |
> 3 | import { ERROR_TYPES, HEAT, TOPICS, TREND } from "@/data/examData";
    | ^^^^^^^^^^^^^^^^^^^^^^^^^^^^^^^^^^^^^^^^^^^^^^^^^^^^^^^^^^^^^^^^^^^
  4 | import type { Screen } from "@/lib/types";
  5 |
  6 | const HEAT_CELL_COLORS = ["transparent", "var(--color-accent-200)", "var(--color-...

Import map: aliased to relative './src/data/examData' inside of [project]/

Import traces:
  Client Component Browser:
    ./src/components/screens/WeakScreen.tsx [Client Component Browser]
    ./src/components/ExamPracticeApp.tsx [Client Component Browser]
    ./src/components/ExamPracticeApp.tsx [Server Component]
    ./src/app/page.tsx [Server Component]

  Client Component SSR:
    ./src/components/screens/WeakScreen.tsx [Client Component SSR]
    ./src/components/ExamPracticeApp.tsx [Client Component SSR]
    ./src/components/ExamPracticeApp.tsx [Server Component]
    ./src/app/page.tsx [Server Component]

https://nextjs.org/docs/messages/module-not-found
[2026-08-16T04:57:08.712Z] [error] ./src/components/GradingOverlay.tsx:3:1
Error: Module not found: Can't resolve '@/data/examData'
  1 | "use client";
  2 |
> 3 | import { GRADE_STEPS } from "@/data/examData";
    | ^^^^^^^^^^^^^^^^^^^^^^^^^^^^^^^^^^^^^^^^^^^^^^
  4 |
  5 | export function GradingOverlay({ gradeStep }: { gradeStep: number }) {
  6 |   return (

Import map: aliased to relative './src/data/examData' inside of [project]/

Import traces:
  Client Component Browser:
    ./src/components/GradingOverlay.tsx [Client Component Browser]
    ./src/components/ExamPracticeApp.tsx [Client Component Browser]
    ./src/components/ExamPracticeApp.tsx [Server Component]
    ./src/app/page.tsx [Server Component]

  Client Component SSR:
    ./src/components/GradingOverlay.tsx [Client Component SSR]
    ./src/components/ExamPracticeApp.tsx [Client Component SSR]
    ./src/components/ExamPracticeApp.tsx [Server Component]
    ./src/app/page.tsx [Server Component]

https://nextjs.org/docs/messages/module-not-found
[2026-08-16T04:57:08.713Z] [error] ./src/components/screens/GradedScreen.tsx:4:1
Error: Module not found: Can't resolve '@/data/examData'
  2 |
  3 | import type { CSSProperties } from "react";
> 4 | import { GRADES, QUESTIONS } from "@/data/examData";
    | ^^^^^^^^^^^^^^^^^^^^^^^^^^^^^^^^^^^^^^^^^^^^^^^^^^^^
  5 | import { Rich } from "@/components/Rich";
  6 | import type { ExamPracticeState } from "@/hooks/useExamPractice";
  7 |

Import map: aliased to relative './src/data/examData' inside of [project]/

Import traces:
  Client Component Browser:
    ./src/components/screens/GradedScreen.tsx [Client Component Browser]
    ./src/components/ExamPracticeApp.tsx [Client Component Browser]
    ./src/components/ExamPracticeApp.tsx [Server Component]
    ./src/app/page.tsx [Server Component]

  Client Component SSR:
    ./src/components/screens/GradedScreen.tsx [Client Component SSR]
    ./src/components/ExamPracticeApp.tsx [Client Component SSR]
    ./src/components/ExamPracticeApp.tsx [Server Component]
    ./src/app/page.tsx [Server Component]

https://nextjs.org/docs/messages/module-not-found
[2026-08-16T04:57:08.713Z] [error] ./src/components/screens/PracticeScreen.tsx:3:1
Error: Module not found: Can't resolve '@/data/examData'
  1 | "use client";
  2 |
> 3 | import { PRACTICE } from "@/data/examData";
    | ^^^^^^^^^^^^^^^^^^^^^^^^^^^^^^^^^^^^^^^^^^^
  4 | import { Rich } from "@/components/Rich";
  5 | import type { ExamPracticeState } from "@/hooks/useExamPractice";
  6 |

Import map: aliased to relative './src/data/examData' inside of [project]/

Import traces:
  Client Component Browser:
    ./src/components/screens/PracticeScreen.tsx [Client Component Browser]
    ./src/components/ExamPracticeApp.tsx [Client Component Browser]
    ./src/components/ExamPracticeApp.tsx [Server Component]
    ./src/app/page.tsx [Server Component]

  Client Component SSR:
    ./src/components/screens/PracticeScreen.tsx [Client Component SSR]
    ./src/components/ExamPracticeApp.tsx [Client Component SSR]
    ./src/components/ExamPracticeApp.tsx [Server Component]
    ./src/app/page.tsx [Server Component]

https://nextjs.org/docs/messages/module-not-found
[2026-08-16T04:57:08.713Z] [error] ./src/components/screens/ReviewScreen.tsx:3:1
Error: Module not found: Can't resolve '@/data/examData'
  1 | "use client";
  2 |
> 3 | import { QUESTIONS } from "@/data/examData";
    | ^^^^^^^^^^^^^^^^^^^^^^^^^^^^^^^^^^^^^^^^^^^^
  4 | import { Rich } from "@/components/Rich";
  5 | import type { ExamPracticeState } from "@/hooks/useExamPractice";
  6 |

Import map: aliased to relative './src/data/examData' inside of [project]/

Import traces:
  Client Component Browser:
    ./src/components/screens/ReviewScreen.tsx [Client Component Browser]
    ./src/components/ExamPracticeApp.tsx [Client Component Browser]
    ./src/components/ExamPracticeApp.tsx [Server Component]
    ./src/app/page.tsx [Server Component]

  Client Component SSR:
    ./src/components/screens/ReviewScreen.tsx [Client Component SSR]
    ./src/components/ExamPracticeApp.tsx [Client Component SSR]
    ./src/components/ExamPracticeApp.tsx [Server Component]
    ./src/app/page.tsx [Server Component]

https://nextjs.org/docs/messages/module-not-found
[2026-08-16T04:57:08.713Z] [error] ./src/components/screens/SourcesScreen.tsx:3:1
Error: Module not found: Can't resolve '@/data/examData'
  1 | "use client";
  2 |
> 3 | import { SOURCES, SOURCE_GEN_STEPS, SOURCE_TOPICS } from "@/data/examData";
    | ^^^^^^^^^^^^^^^^^^^^^^^^^^^^^^^^^^^^^^^^^^^^^^^^^^^^^^^^^^^^^^^^^^^^^^^^^^^
  4 | import type { ExamPracticeState } from "@/hooks/useExamPractice";
  5 |
  6 | const COUNT_OPTIONS = ["4", "6", "8"];

Import map: aliased to relative './src/data/examData' inside of [project]/

Import traces:
  Client Component Browser:
    ./src/components/screens/SourcesScreen.tsx [Client Component Browser]
    ./src/components/ExamPracticeApp.tsx [Client Component Browser]
    ./src/components/ExamPracticeApp.tsx [Server Component]
    ./src/app/page.tsx [Server Component]

  Client Component SSR:
    ./src/components/screens/SourcesScreen.tsx [Client Component SSR]
    ./src/components/ExamPracticeApp.tsx [Client Component SSR]
    ./src/components/ExamPracticeApp.tsx [Server Component]
    ./src/app/page.tsx [Server Component]

https://nextjs.org/docs/messages/module-not-found
[2026-08-16T04:57:08.714Z] [error] ./src/components/screens/WeakScreen.tsx:3:1
Error: Module not found: Can't resolve '@/data/examData'
  1 | "use client";
  2 |
> 3 | import { ERROR_TYPES, HEAT, TOPICS, TREND } from "@/data/examData";
    | ^^^^^^^^^^^^^^^^^^^^^^^^^^^^^^^^^^^^^^^^^^^^^^^^^^^^^^^^^^^^^^^^^^^
  4 | import type { Screen } from "@/lib/types";
  5 |
  6 | const HEAT_CELL_COLORS = ["transparent", "var(--color-accent-200)", "var(--color-...

Import map: aliased to relative './src/data/examData' inside of [project]/

Import traces:
  Client Component Browser:
    ./src/components/screens/WeakScreen.tsx [Client Component Browser]
    ./src/components/ExamPracticeApp.tsx [Client Component Browser]
    ./src/components/ExamPracticeApp.tsx [Server Component]
    ./src/app/page.tsx [Server Component]

  Client Component SSR:
    ./src/components/screens/WeakScreen.tsx [Client Component SSR]
    ./src/components/ExamPracticeApp.tsx [Client Component SSR]
    ./src/components/ExamPracticeApp.tsx [Server Component]
    ./src/app/page.tsx [Server Component]

https://nextjs.org/docs/messages/module-not-found
[2026-08-16T04:57:15.361Z] [log] [Fast Refresh] rebuilding
[2026-08-16T04:57:15.363Z] [error] ./src/components/GradingOverlay.tsx:3:1
Error: Module not found: Can't resolve '@/data/examData'
  1 | "use client";
  2 |
> 3 | import { GRADE_STEPS } from "@/data/examData";
    | ^^^^^^^^^^^^^^^^^^^^^^^^^^^^^^^^^^^^^^^^^^^^^^
  4 |
  5 | export function GradingOverlay({ gradeStep }: { gradeStep: number }) {
  6 |   return (

Import map: aliased to relative './src/data/examData' inside of [project]/

Import traces:
  Client Component Browser:
    ./src/components/GradingOverlay.tsx [Client Component Browser]
    ./src/components/ExamPracticeApp.tsx [Client Component Browser]
    ./src/components/ExamPracticeApp.tsx [Server Component]
    ./src/app/page.tsx [Server Component]

  Client Component SSR:
    ./src/components/GradingOverlay.tsx [Client Component SSR]
    ./src/components/ExamPracticeApp.tsx [Client Component SSR]
    ./src/components/ExamPracticeApp.tsx [Server Component]
    ./src/app/page.tsx [Server Component]

https://nextjs.org/docs/messages/module-not-found
[2026-08-16T04:57:15.364Z] [error] ./src/components/screens/GradedScreen.tsx:4:1
Error: Module not found: Can't resolve '@/data/examData'
  2 |
  3 | import type { CSSProperties } from "react";
> 4 | import { GRADES, QUESTIONS } from "@/data/examData";
    | ^^^^^^^^^^^^^^^^^^^^^^^^^^^^^^^^^^^^^^^^^^^^^^^^^^^^
  5 | import { Rich } from "@/components/Rich";
  6 | import type { ExamPracticeState } from "@/hooks/useExamPractice";
  7 |

Import map: aliased to relative './src/data/examData' inside of [project]/

Import traces:
  Client Component Browser:
    ./src/components/screens/GradedScreen.tsx [Client Component Browser]
    ./src/components/ExamPracticeApp.tsx [Client Component Browser]
    ./src/components/ExamPracticeApp.tsx [Server Component]
    ./src/app/page.tsx [Server Component]

  Client Component SSR:
    ./src/components/screens/GradedScreen.tsx [Client Component SSR]
    ./src/components/ExamPracticeApp.tsx [Client Component SSR]
    ./src/components/ExamPracticeApp.tsx [Server Component]
    ./src/app/page.tsx [Server Component]

https://nextjs.org/docs/messages/module-not-found
[2026-08-16T04:57:15.364Z] [error] ./src/components/screens/PracticeScreen.tsx:3:1
Error: Module not found: Can't resolve '@/data/examData'
  1 | "use client";
  2 |
> 3 | import { PRACTICE } from "@/data/examData";
    | ^^^^^^^^^^^^^^^^^^^^^^^^^^^^^^^^^^^^^^^^^^^
  4 | import { Rich } from "@/components/Rich";
  5 | import type { ExamPracticeState } from "@/hooks/useExamPractice";
  6 |

Import map: aliased to relative './src/data/examData' inside of [project]/

Import traces:
  Client Component Browser:
    ./src/components/screens/PracticeScreen.tsx [Client Component Browser]
    ./src/components/ExamPracticeApp.tsx [Client Component Browser]
    ./src/components/ExamPracticeApp.tsx [Server Component]
    ./src/app/page.tsx [Server Component]

  Client Component SSR:
    ./src/components/screens/PracticeScreen.tsx [Client Component SSR]
    ./src/components/ExamPracticeApp.tsx [Client Component SSR]
    ./src/components/ExamPracticeApp.tsx [Server Component]
    ./src/app/page.tsx [Server Component]

https://nextjs.org/docs/messages/module-not-found
[2026-08-16T04:57:15.364Z] [error] ./src/components/screens/ReviewScreen.tsx:3:1
Error: Module not found: Can't resolve '@/data/examData'
  1 | "use client";
  2 |
> 3 | import { QUESTIONS } from "@/data/examData";
    | ^^^^^^^^^^^^^^^^^^^^^^^^^^^^^^^^^^^^^^^^^^^^
  4 | import { Rich } from "@/components/Rich";
  5 | import type { ExamPracticeState } from "@/hooks/useExamPractice";
  6 |

Import map: aliased to relative './src/data/examData' inside of [project]/

Import traces:
  Client Component Browser:
    ./src/components/screens/ReviewScreen.tsx [Client Component Browser]
    ./src/components/ExamPracticeApp.tsx [Client Component Browser]
    ./src/components/ExamPracticeApp.tsx [Server Component]
    ./src/app/page.tsx [Server Component]

  Client Component SSR:
    ./src/components/screens/ReviewScreen.tsx [Client Component SSR]
    ./src/components/ExamPracticeApp.tsx [Client Component SSR]
    ./src/components/ExamPracticeApp.tsx [Server Component]
    ./src/app/page.tsx [Server Component]

https://nextjs.org/docs/messages/module-not-found
[2026-08-16T04:57:15.364Z] [error] ./src/components/screens/WeakScreen.tsx:3:1
Error: Module not found: Can't resolve '@/data/examData'
  1 | "use client";
  2 |
> 3 | import { ERROR_TYPES, HEAT, TOPICS, TREND } from "@/data/examData";
    | ^^^^^^^^^^^^^^^^^^^^^^^^^^^^^^^^^^^^^^^^^^^^^^^^^^^^^^^^^^^^^^^^^^^
  4 | import type { Screen } from "@/lib/types";
  5 |
  6 | const HEAT_CELL_COLORS = ["transparent", "var(--color-accent-200)", "var(--color-...

Import map: aliased to relative './src/data/examData' inside of [project]/

Import traces:
  Client Component Browser:
    ./src/components/screens/WeakScreen.tsx [Client Component Browser]
    ./src/components/ExamPracticeApp.tsx [Client Component Browser]
    ./src/components/ExamPracticeApp.tsx [Server Component]
    ./src/app/page.tsx [Server Component]

  Client Component SSR:
    ./src/components/screens/WeakScreen.tsx [Client Component SSR]
    ./src/components/ExamPracticeApp.tsx [Client Component SSR]
    ./src/components/ExamPracticeApp.tsx [Server Component]
    ./src/app/page.tsx [Server Component]

https://nextjs.org/docs/messages/module-not-found
[2026-08-16T04:57:15.364Z] [error] ./src/components/screens/SourcesScreen.tsx:3:1
Error: Module not found: Can't resolve '@/data/examData'
  1 | "use client";
  2 |
> 3 | import { SOURCES, SOURCE_GEN_STEPS, SOURCE_TOPICS } from "@/data/examData";
    | ^^^^^^^^^^^^^^^^^^^^^^^^^^^^^^^^^^^^^^^^^^^^^^^^^^^^^^^^^^^^^^^^^^^^^^^^^^^
  4 | import type { ExamPracticeState } from "@/hooks/useExamPractice";
  5 |
  6 | const COUNT_OPTIONS = ["4", "6", "8"];

Import map: aliased to relative './src/data/examData' inside of [project]/

Import traces:
  Client Component Browser:
    ./src/components/screens/SourcesScreen.tsx [Client Component Browser]
    ./src/components/ExamPracticeApp.tsx [Client Component Browser]
    ./src/components/ExamPracticeApp.tsx [Server Component]
    ./src/app/page.tsx [Server Component]

  Client Component SSR:
    ./src/components/screens/SourcesScreen.tsx [Client Component SSR]
    ./src/components/ExamPracticeApp.tsx [Client Component SSR]
    ./src/components/ExamPracticeApp.tsx [Server Component]
    ./src/app/page.tsx [Server Component]

https://nextjs.org/docs/messages/module-not-found
[2026-08-16T04:57:43.526Z] [log] [Fast Refresh] rebuilding
[2026-08-16T04:57:43.550Z] [error] ./src/components/GradingOverlay.tsx:3:1
Error: Module not found: Can't resolve '@/data/examData'
  1 | "use client";
  2 |
> 3 | import { GRADE_STEPS } from "@/data/examData";
    | ^^^^^^^^^^^^^^^^^^^^^^^^^^^^^^^^^^^^^^^^^^^^^^
  4 |
  5 | export function GradingOverlay({ gradeStep }: { gradeStep: number }) {
  6 |   return (

Import map: aliased to relative './src/data/examData' inside of [project]/

Import traces:
  Client Component Browser:
    ./src/components/GradingOverlay.tsx [Client Component Browser]
    ./src/components/ExamPracticeApp.tsx [Client Component Browser]
    ./src/components/ExamPracticeApp.tsx [Server Component]
    ./src/app/page.tsx [Server Component]

  Client Component SSR:
    ./src/components/GradingOverlay.tsx [Client Component SSR]
    ./src/components/ExamPracticeApp.tsx [Client Component SSR]
    ./src/components/ExamPracticeApp.tsx [Server Component]
    ./src/app/page.tsx [Server Component]

https://nextjs.org/docs/messages/module-not-found
[2026-08-16T04:57:43.550Z] [error] ./src/components/screens/GradedScreen.tsx:4:1
Error: Module not found: Can't resolve '@/data/examData'
  2 |
  3 | import type { CSSProperties } from "react";
> 4 | import { GRADES, QUESTIONS } from "@/data/examData";
    | ^^^^^^^^^^^^^^^^^^^^^^^^^^^^^^^^^^^^^^^^^^^^^^^^^^^^
  5 | import { Rich } from "@/components/Rich";
  6 | import type { ExamPracticeState } from "@/hooks/useExamPractice";
  7 |

Import map: aliased to relative './src/data/examData' inside of [project]/

Import traces:
  Client Component Browser:
    ./src/components/screens/GradedScreen.tsx [Client Component Browser]
    ./src/components/ExamPracticeApp.tsx [Client Component Browser]
    ./src/components/ExamPracticeApp.tsx [Server Component]
    ./src/app/page.tsx [Server Component]

  Client Component SSR:
    ./src/components/screens/GradedScreen.tsx [Client Component SSR]
    ./src/components/ExamPracticeApp.tsx [Client Component SSR]
    ./src/components/ExamPracticeApp.tsx [Server Component]
    ./src/app/page.tsx [Server Component]

https://nextjs.org/docs/messages/module-not-found
[2026-08-16T04:57:43.550Z] [error] ./src/components/screens/PracticeScreen.tsx:3:1
Error: Module not found: Can't resolve '@/data/examData'
  1 | "use client";
  2 |
> 3 | import { PRACTICE } from "@/data/examData";
    | ^^^^^^^^^^^^^^^^^^^^^^^^^^^^^^^^^^^^^^^^^^^
  4 | import { Rich } from "@/components/Rich";
  5 | import type { ExamPracticeState } from "@/hooks/useExamPractice";
  6 |

Import map: aliased to relative './src/data/examData' inside of [project]/

Import traces:
  Client Component Browser:
    ./src/components/screens/PracticeScreen.tsx [Client Component Browser]
    ./src/components/ExamPracticeApp.tsx [Client Component Browser]
    ./src/components/ExamPracticeApp.tsx [Server Component]
    ./src/app/page.tsx [Server Component]

  Client Component SSR:
    ./src/components/screens/PracticeScreen.tsx [Client Component SSR]
    ./src/components/ExamPracticeApp.tsx [Client Component SSR]
    ./src/components/ExamPracticeApp.tsx [Server Component]
    ./src/app/page.tsx [Server Component]

https://nextjs.org/docs/messages/module-not-found
[2026-08-16T04:57:43.550Z] [error] ./src/components/screens/WeakScreen.tsx:3:1
Error: Module not found: Can't resolve '@/data/examData'
  1 | "use client";
  2 |
> 3 | import { ERROR_TYPES, HEAT, TOPICS, TREND } from "@/data/examData";
    | ^^^^^^^^^^^^^^^^^^^^^^^^^^^^^^^^^^^^^^^^^^^^^^^^^^^^^^^^^^^^^^^^^^^
  4 | import type { Screen } from "@/lib/types";
  5 |
  6 | const HEAT_CELL_COLORS = ["transparent", "var(--color-accent-200)", "var(--color-...

Import map: aliased to relative './src/data/examData' inside of [project]/

Import traces:
  Client Component Browser:
    ./src/components/screens/WeakScreen.tsx [Client Component Browser]
    ./src/components/ExamPracticeApp.tsx [Client Component Browser]
    ./src/components/ExamPracticeApp.tsx [Server Component]
    ./src/app/page.tsx [Server Component]

  Client Component SSR:
    ./src/components/screens/WeakScreen.tsx [Client Component SSR]
    ./src/components/ExamPracticeApp.tsx [Client Component SSR]
    ./src/components/ExamPracticeApp.tsx [Server Component]
    ./src/app/page.tsx [Server Component]

https://nextjs.org/docs/messages/module-not-found
[2026-08-16T04:58:08.299Z] [error] ./src/components/GradingOverlay.tsx:3:1
Error: Module not found: Can't resolve '@/data/examData'
  1 | "use client";
  2 |
> 3 | import { GRADE_STEPS } from "@/data/examData";
    | ^^^^^^^^^^^^^^^^^^^^^^^^^^^^^^^^^^^^^^^^^^^^^^
  4 |
  5 | export function GradingOverlay({ gradeStep }: { gradeStep: number }) {
  6 |   return (

Import map: aliased to relative './src/data/examData' inside of [project]/

Import traces:
  Client Component Browser:
    ./src/components/GradingOverlay.tsx [Client Component Browser]
    ./src/components/ExamPracticeApp.tsx [Client Component Browser]
    ./src/components/ExamPracticeApp.tsx [Server Component]
    ./src/app/page.tsx [Server Component]

  Client Component SSR:
    ./src/components/GradingOverlay.tsx [Client Component SSR]
    ./src/components/ExamPracticeApp.tsx [Client Component SSR]
    ./src/components/ExamPracticeApp.tsx [Server Component]
    ./src/app/page.tsx [Server Component]

https://nextjs.org/docs/messages/module-not-found
[2026-08-16T04:58:08.299Z] [error] ./src/components/screens/GradedScreen.tsx:4:1
Error: Module not found: Can't resolve '@/data/examData'
  2 |
  3 | import type { CSSProperties } from "react";
> 4 | import { GRADES, QUESTIONS } from "@/data/examData";
    | ^^^^^^^^^^^^^^^^^^^^^^^^^^^^^^^^^^^^^^^^^^^^^^^^^^^^
  5 | import { Rich } from "@/components/Rich";
  6 | import type { ExamPracticeState } from "@/hooks/useExamPractice";
  7 |

Import map: aliased to relative './src/data/examData' inside of [project]/

Import traces:
  Client Component Browser:
    ./src/components/screens/GradedScreen.tsx [Client Component Browser]
    ./src/components/ExamPracticeApp.tsx [Client Component Browser]
    ./src/components/ExamPracticeApp.tsx [Server Component]
    ./src/app/page.tsx [Server Component]

  Client Component SSR:
    ./src/components/screens/GradedScreen.tsx [Client Component SSR]
    ./src/components/ExamPracticeApp.tsx [Client Component SSR]
    ./src/components/ExamPracticeApp.tsx [Server Component]
    ./src/app/page.tsx [Server Component]

https://nextjs.org/docs/messages/module-not-found
[2026-08-16T04:58:08.299Z] [error] ./src/components/screens/PracticeScreen.tsx:3:1
Error: Module not found: Can't resolve '@/data/examData'
  1 | "use client";
  2 |
> 3 | import { PRACTICE } from "@/data/examData";
    | ^^^^^^^^^^^^^^^^^^^^^^^^^^^^^^^^^^^^^^^^^^^
  4 | import { Rich } from "@/components/Rich";
  5 | import type { ExamPracticeState } from "@/hooks/useExamPractice";
  6 |

Import map: aliased to relative './src/data/examData' inside of [project]/

Import traces:
  Client Component Browser:
    ./src/components/screens/PracticeScreen.tsx [Client Component Browser]
    ./src/components/ExamPracticeApp.tsx [Client Component Browser]
    ./src/components/ExamPracticeApp.tsx [Server Component]
    ./src/app/page.tsx [Server Component]

  Client Component SSR:
    ./src/components/screens/PracticeScreen.tsx [Client Component SSR]
    ./src/components/ExamPracticeApp.tsx [Client Component SSR]
    ./src/components/ExamPracticeApp.tsx [Server Component]
    ./src/app/page.tsx [Server Component]

https://nextjs.org/docs/messages/module-not-found
[2026-08-16T04:58:08.301Z] [error] ./src/components/screens/WeakScreen.tsx:3:1
Error: Module not found: Can't resolve '@/data/examData'
  1 | "use client";
  2 |
> 3 | import { ERROR_TYPES, HEAT, TOPICS, TREND } from "@/data/examData";
    | ^^^^^^^^^^^^^^^^^^^^^^^^^^^^^^^^^^^^^^^^^^^^^^^^^^^^^^^^^^^^^^^^^^^
  4 | import type { Screen } from "@/lib/types";
  5 |
  6 | const HEAT_CELL_COLORS = ["transparent", "var(--color-accent-200)", "var(--color-...

Import map: aliased to relative './src/data/examData' inside of [project]/

Import traces:
  Client Component Browser:
    ./src/components/screens/WeakScreen.tsx [Client Component Browser]
    ./src/components/ExamPracticeApp.tsx [Client Component Browser]
    ./src/components/ExamPracticeApp.tsx [Server Component]
    ./src/app/page.tsx [Server Component]

  Client Component SSR:
    ./src/components/screens/WeakScreen.tsx [Client Component SSR]
    ./src/components/ExamPracticeApp.tsx [Client Component SSR]
    ./src/components/ExamPracticeApp.tsx [Server Component]
    ./src/app/page.tsx [Server Component]

https://nextjs.org/docs/messages/module-not-found
[2026-08-16T04:58:08.349Z] [log] [Fast Refresh] rebuilding
[2026-08-16T04:58:34.125Z] [error] ./src/components/GradingOverlay.tsx:3:1
Error: Module not found: Can't resolve '@/data/examData'
  1 | "use client";
  2 |
> 3 | import { GRADE_STEPS } from "@/data/examData";
    | ^^^^^^^^^^^^^^^^^^^^^^^^^^^^^^^^^^^^^^^^^^^^^^
  4 |
  5 | export function GradingOverlay({ gradeStep }: { gradeStep: number }) {
  6 |   return (

Import map: aliased to relative './src/data/examData' inside of [project]/

Import traces:
  Client Component Browser:
    ./src/components/GradingOverlay.tsx [Client Component Browser]
    ./src/components/ExamPracticeApp.tsx [Client Component Browser]
    ./src/components/ExamPracticeApp.tsx [Server Component]
    ./src/app/page.tsx [Server Component]

  Client Component SSR:
    ./src/components/GradingOverlay.tsx [Client Component SSR]
    ./src/components/ExamPracticeApp.tsx [Client Component SSR]
    ./src/components/ExamPracticeApp.tsx [Server Component]
    ./src/app/page.tsx [Server Component]

https://nextjs.org/docs/messages/module-not-found
[2026-08-16T04:58:34.125Z] [error] ./src/components/screens/GradedScreen.tsx:4:1
Error: Module not found: Can't resolve '@/data/examData'
  2 |
  3 | import type { CSSProperties } from "react";
> 4 | import { GRADES, QUESTIONS } from "@/data/examData";
    | ^^^^^^^^^^^^^^^^^^^^^^^^^^^^^^^^^^^^^^^^^^^^^^^^^^^^
  5 | import { Rich } from "@/components/Rich";
  6 | import type { ExamPracticeState } from "@/hooks/useExamPractice";
  7 |

Import map: aliased to relative './src/data/examData' inside of [project]/

Import traces:
  Client Component Browser:
    ./src/components/screens/GradedScreen.tsx [Client Component Browser]
    ./src/components/ExamPracticeApp.tsx [Client Component Browser]
    ./src/components/ExamPracticeApp.tsx [Server Component]
    ./src/app/page.tsx [Server Component]

  Client Component SSR:
    ./src/components/screens/GradedScreen.tsx [Client Component SSR]
    ./src/components/ExamPracticeApp.tsx [Client Component SSR]
    ./src/components/ExamPracticeApp.tsx [Server Component]
    ./src/app/page.tsx [Server Component]

https://nextjs.org/docs/messages/module-not-found
[2026-08-16T04:58:34.125Z] [error] ./src/components/screens/PracticeScreen.tsx:3:1
Error: Module not found: Can't resolve '@/data/examData'
  1 | "use client";
  2 |
> 3 | import { PRACTICE } from "@/data/examData";
    | ^^^^^^^^^^^^^^^^^^^^^^^^^^^^^^^^^^^^^^^^^^^
  4 | import { Rich } from "@/components/Rich";
  5 | import type { ExamPracticeState } from "@/hooks/useExamPractice";
  6 |

Import map: aliased to relative './src/data/examData' inside of [project]/

Import traces:
  Client Component Browser:
    ./src/components/screens/PracticeScreen.tsx [Client Component Browser]
    ./src/components/ExamPracticeApp.tsx [Client Component Browser]
    ./src/components/ExamPracticeApp.tsx [Server Component]
    ./src/app/page.tsx [Server Component]

  Client Component SSR:
    ./src/components/screens/PracticeScreen.tsx [Client Component SSR]
    ./src/components/ExamPracticeApp.tsx [Client Component SSR]
    ./src/components/ExamPracticeApp.tsx [Server Component]
    ./src/app/page.tsx [Server Component]

https://nextjs.org/docs/messages/module-not-found
[2026-08-16T04:58:34.132Z] [error] ./src/components/screens/WeakScreen.tsx:3:1
Error: Module not found: Can't resolve '@/data/examData'
  1 | "use client";
  2 |
> 3 | import { ERROR_TYPES, HEAT, TOPICS, TREND } from "@/data/examData";
    | ^^^^^^^^^^^^^^^^^^^^^^^^^^^^^^^^^^^^^^^^^^^^^^^^^^^^^^^^^^^^^^^^^^^
  4 | import type { Screen } from "@/lib/types";
  5 |
  6 | const HEAT_CELL_COLORS = ["transparent", "var(--color-accent-200)", "var(--color-...

Import map: aliased to relative './src/data/examData' inside of [project]/

Import traces:
  Client Component Browser:
    ./src/components/screens/WeakScreen.tsx [Client Component Browser]
    ./src/components/ExamPracticeApp.tsx [Client Component Browser]
    ./src/components/ExamPracticeApp.tsx [Server Component]
    ./src/app/page.tsx [Server Component]

  Client Component SSR:
    ./src/components/screens/WeakScreen.tsx [Client Component SSR]
    ./src/components/ExamPracticeApp.tsx [Client Component SSR]
    ./src/components/ExamPracticeApp.tsx [Server Component]
    ./src/app/page.tsx [Server Component]

https://nextjs.org/docs/messages/module-not-found
[2026-08-16T04:58:34.148Z] [error] ./src/components/GradingOverlay.tsx:3:1
Error: Module not found: Can't resolve '@/data/examData'
  1 | "use client";
  2 |
> 3 | import { GRADE_STEPS } from "@/data/examData";
    | ^^^^^^^^^^^^^^^^^^^^^^^^^^^^^^^^^^^^^^^^^^^^^^
  4 |
  5 | export function GradingOverlay({ gradeStep }: { gradeStep: number }) {
  6 |   return (

Import map: aliased to relative './src/data/examData' inside of [project]/

Import traces:
  Client Component Browser:
    ./src/components/GradingOverlay.tsx [Client Component Browser]
    ./src/components/ExamPracticeApp.tsx [Client Component Browser]
    ./src/components/ExamPracticeApp.tsx [Server Component]
    ./src/app/page.tsx [Server Component]

  Client Component SSR:
    ./src/components/GradingOverlay.tsx [Client Component SSR]
    ./src/components/ExamPracticeApp.tsx [Client Component SSR]
    ./src/components/ExamPracticeApp.tsx [Server Component]
    ./src/app/page.tsx [Server Component]

https://nextjs.org/docs/messages/module-not-found
[2026-08-16T04:58:34.148Z] [error] ./src/components/screens/GradedScreen.tsx:4:1
Error: Module not found: Can't resolve '@/data/examData'
  2 |
  3 | import type { CSSProperties } from "react";
> 4 | import { GRADES, QUESTIONS } from "@/data/examData";
    | ^^^^^^^^^^^^^^^^^^^^^^^^^^^^^^^^^^^^^^^^^^^^^^^^^^^^
  5 | import { Rich } from "@/components/Rich";
  6 | import type { ExamPracticeState } from "@/hooks/useExamPractice";
  7 |

Import map: aliased to relative './src/data/examData' inside of [project]/

Import traces:
  Client Component Browser:
    ./src/components/screens/GradedScreen.tsx [Client Component Browser]
    ./src/components/ExamPracticeApp.tsx [Client Component Browser]
    ./src/components/ExamPracticeApp.tsx [Server Component]
    ./src/app/page.tsx [Server Component]

  Client Component SSR:
    ./src/components/screens/GradedScreen.tsx [Client Component SSR]
    ./src/components/ExamPracticeApp.tsx [Client Component SSR]
    ./src/components/ExamPracticeApp.tsx [Server Component]
    ./src/app/page.tsx [Server Component]

https://nextjs.org/docs/messages/module-not-found
[2026-08-16T04:58:34.149Z] [error] ./src/components/screens/PracticeScreen.tsx:3:1
Error: Module not found: Can't resolve '@/data/examData'
  1 | "use client";
  2 |
> 3 | import { PRACTICE } from "@/data/examData";
    | ^^^^^^^^^^^^^^^^^^^^^^^^^^^^^^^^^^^^^^^^^^^
  4 | import { Rich } from "@/components/Rich";
  5 | import type { ExamPracticeState } from "@/hooks/useExamPractice";
  6 |

Import map: aliased to relative './src/data/examData' inside of [project]/

Import traces:
  Client Component Browser:
    ./src/components/screens/PracticeScreen.tsx [Client Component Browser]
    ./src/components/ExamPracticeApp.tsx [Client Component Browser]
    ./src/components/ExamPracticeApp.tsx [Server Component]
    ./src/app/page.tsx [Server Component]

  Client Component SSR:
    ./src/components/screens/PracticeScreen.tsx [Client Component SSR]
    ./src/components/ExamPracticeApp.tsx [Client Component SSR]
    ./src/components/ExamPracticeApp.tsx [Server Component]
    ./src/app/page.tsx [Server Component]

https://nextjs.org/docs/messages/module-not-found
[2026-08-16T04:58:34.150Z] [error] ./src/components/screens/WeakScreen.tsx:3:1
Error: Module not found: Can't resolve '@/data/examData'
  1 | "use client";
  2 |
> 3 | import { ERROR_TYPES, HEAT, TOPICS, TREND } from "@/data/examData";
    | ^^^^^^^^^^^^^^^^^^^^^^^^^^^^^^^^^^^^^^^^^^^^^^^^^^^^^^^^^^^^^^^^^^^
  4 | import type { Screen } from "@/lib/types";
  5 |
  6 | const HEAT_CELL_COLORS = ["transparent", "var(--color-accent-200)", "var(--color-...

Import map: aliased to relative './src/data/examData' inside of [project]/

Import traces:
  Client Component Browser:
    ./src/components/screens/WeakScreen.tsx [Client Component Browser]
    ./src/components/ExamPracticeApp.tsx [Client Component Browser]
    ./src/components/ExamPracticeApp.tsx [Server Component]
    ./src/app/page.tsx [Server Component]

  Client Component SSR:
    ./src/components/screens/WeakScreen.tsx [Client Component SSR]
    ./src/components/ExamPracticeApp.tsx [Client Component SSR]
    ./src/components/ExamPracticeApp.tsx [Server Component]
    ./src/app/page.tsx [Server Component]

https://nextjs.org/docs/messages/module-not-found
[2026-08-16T04:58:34.379Z] [error] ./src/components/GradingOverlay.tsx:3:1
Error: Module not found: Can't resolve '@/data/examData'
  1 | "use client";
  2 |
> 3 | import { GRADE_STEPS } from "@/data/examData";
    | ^^^^^^^^^^^^^^^^^^^^^^^^^^^^^^^^^^^^^^^^^^^^^^
  4 |
  5 | export function GradingOverlay({ gradeStep }: { gradeStep: number }) {
  6 |   return (

Import map: aliased to relative './src/data/examData' inside of [project]/

Import traces:
  Client Component Browser:
    ./src/components/GradingOverlay.tsx [Client Component Browser]
    ./src/components/ExamPracticeApp.tsx [Client Component Browser]
    ./src/components/ExamPracticeApp.tsx [Server Component]
    ./src/app/page.tsx [Server Component]

  Client Component SSR:
    ./src/components/GradingOverlay.tsx [Client Component SSR]
    ./src/components/ExamPracticeApp.tsx [Client Component SSR]
    ./src/components/ExamPracticeApp.tsx [Server Component]
    ./src/app/page.tsx [Server Component]

https://nextjs.org/docs/messages/module-not-found
[2026-08-16T04:58:34.379Z] [error] ./src/components/screens/GradedScreen.tsx:4:1
Error: Module not found: Can't resolve '@/data/examData'
  2 |
  3 | import type { CSSProperties } from "react";
> 4 | import { GRADES, QUESTIONS } from "@/data/examData";
    | ^^^^^^^^^^^^^^^^^^^^^^^^^^^^^^^^^^^^^^^^^^^^^^^^^^^^
  5 | import { Rich } from "@/components/Rich";
  6 | import type { ExamPracticeState } from "@/hooks/useExamPractice";
  7 |

Import map: aliased to relative './src/data/examData' inside of [project]/

Import traces:
  Client Component Browser:
    ./src/components/screens/GradedScreen.tsx [Client Component Browser]
    ./src/components/ExamPracticeApp.tsx [Client Component Browser]
    ./src/components/ExamPracticeApp.tsx [Server Component]
    ./src/app/page.tsx [Server Component]

  Client Component SSR:
    ./src/components/screens/GradedScreen.tsx [Client Component SSR]
    ./src/components/ExamPracticeApp.tsx [Client Component SSR]
    ./src/components/ExamPracticeApp.tsx [Server Component]
    ./src/app/page.tsx [Server Component]

https://nextjs.org/docs/messages/module-not-found
[2026-08-16T04:58:34.379Z] [error] ./src/components/screens/PracticeScreen.tsx:3:1
Error: Module not found: Can't resolve '@/data/examData'
  1 | "use client";
  2 |
> 3 | import { PRACTICE } from "@/data/examData";
    | ^^^^^^^^^^^^^^^^^^^^^^^^^^^^^^^^^^^^^^^^^^^
  4 | import { Rich } from "@/components/Rich";
  5 | import type { ExamPracticeState } from "@/hooks/useExamPractice";
  6 |

Import map: aliased to relative './src/data/examData' inside of [project]/

Import traces:
  Client Component Browser:
    ./src/components/screens/PracticeScreen.tsx [Client Component Browser]
    ./src/components/ExamPracticeApp.tsx [Client Component Browser]
    ./src/components/ExamPracticeApp.tsx [Server Component]
    ./src/app/page.tsx [Server Component]

  Client Component SSR:
    ./src/components/screens/PracticeScreen.tsx [Client Component SSR]
    ./src/components/ExamPracticeApp.tsx [Client Component SSR]
    ./src/components/ExamPracticeApp.tsx [Server Component]
    ./src/app/page.tsx [Server Component]

https://nextjs.org/docs/messages/module-not-found
[2026-08-16T04:58:34.379Z] [error] ./src/components/screens/WeakScreen.tsx:3:1
Error: Module not found: Can't resolve '@/data/examData'
  1 | "use client";
  2 |
> 3 | import { ERROR_TYPES, HEAT, TOPICS, TREND } from "@/data/examData";
    | ^^^^^^^^^^^^^^^^^^^^^^^^^^^^^^^^^^^^^^^^^^^^^^^^^^^^^^^^^^^^^^^^^^^
  4 | import type { Screen } from "@/lib/types";
  5 |
  6 | const HEAT_CELL_COLORS = ["transparent", "var(--color-accent-200)", "var(--color-...

Import map: aliased to relative './src/data/examData' inside of [project]/

Import traces:
  Client Component Browser:
    ./src/components/screens/WeakScreen.tsx [Client Component Browser]
    ./src/components/ExamPracticeApp.tsx [Client Component Browser]
    ./src/components/ExamPracticeApp.tsx [Server Component]
    ./src/app/page.tsx [Server Component]

  Client Component SSR:
    ./src/components/screens/WeakScreen.tsx [Client Component SSR]
    ./src/components/ExamPracticeApp.tsx [Client Component SSR]
    ./src/components/ExamPracticeApp.tsx [Server Component]
    ./src/app/page.tsx [Server Component]

https://nextjs.org/docs/messages/module-not-found
[2026-08-16T04:58:38.018Z] [error] ./src/components/GradingOverlay.tsx:3:1
Error: Module not found: Can't resolve '@/data/examData'
  1 | "use client";
  2 |
> 3 | import { GRADE_STEPS } from "@/data/examData";
    | ^^^^^^^^^^^^^^^^^^^^^^^^^^^^^^^^^^^^^^^^^^^^^^
  4 |
  5 | export function GradingOverlay({ gradeStep }: { gradeStep: number }) {
  6 |   return (

Import map: aliased to relative './src/data/examData' inside of [project]/

Import traces:
  Client Component Browser:
    ./src/components/GradingOverlay.tsx [Client Component Browser]
    ./src/components/ExamPracticeApp.tsx [Client Component Browser]
    ./src/components/ExamPracticeApp.tsx [Server Component]
    ./src/app/page.tsx [Server Component]

  Client Component SSR:
    ./src/components/GradingOverlay.tsx [Client Component SSR]
    ./src/components/ExamPracticeApp.tsx [Client Component SSR]
    ./src/components/ExamPracticeApp.tsx [Server Component]
    ./src/app/page.tsx [Server Component]

https://nextjs.org/docs/messages/module-not-found
[2026-08-16T04:58:38.018Z] [error] ./src/components/screens/PracticeScreen.tsx:3:1
Error: Module not found: Can't resolve '@/data/examData'
  1 | "use client";
  2 |
> 3 | import { PRACTICE } from "@/data/examData";
    | ^^^^^^^^^^^^^^^^^^^^^^^^^^^^^^^^^^^^^^^^^^^
  4 | import { Rich } from "@/components/Rich";
  5 | import type { ExamPracticeState } from "@/hooks/useExamPractice";
  6 |

Import map: aliased to relative './src/data/examData' inside of [project]/

Import traces:
  Client Component Browser:
    ./src/components/screens/PracticeScreen.tsx [Client Component Browser]
    ./src/components/ExamPracticeApp.tsx [Client Component Browser]
    ./src/components/ExamPracticeApp.tsx [Server Component]
    ./src/app/page.tsx [Server Component]

  Client Component SSR:
    ./src/components/screens/PracticeScreen.tsx [Client Component SSR]
    ./src/components/ExamPracticeApp.tsx [Client Component SSR]
    ./src/components/ExamPracticeApp.tsx [Server Component]
    ./src/app/page.tsx [Server Component]

https://nextjs.org/docs/messages/module-not-found
[2026-08-16T04:58:38.018Z] [error] ./src/components/screens/WeakScreen.tsx:3:1
Error: Module not found: Can't resolve '@/data/examData'
  1 | "use client";
  2 |
> 3 | import { ERROR_TYPES, HEAT, TOPICS, TREND } from "@/data/examData";
    | ^^^^^^^^^^^^^^^^^^^^^^^^^^^^^^^^^^^^^^^^^^^^^^^^^^^^^^^^^^^^^^^^^^^
  4 | import type { Screen } from "@/lib/types";
  5 |
  6 | const HEAT_CELL_COLORS = ["transparent", "var(--color-accent-200)", "var(--color-...

Import map: aliased to relative './src/data/examData' inside of [project]/

Import traces:
  Client Component Browser:
    ./src/components/screens/WeakScreen.tsx [Client Component Browser]
    ./src/components/ExamPracticeApp.tsx [Client Component Browser]
    ./src/components/ExamPracticeApp.tsx [Server Component]
    ./src/app/page.tsx [Server Component]

  Client Component SSR:
    ./src/components/screens/WeakScreen.tsx [Client Component SSR]
    ./src/components/ExamPracticeApp.tsx [Client Component SSR]
    ./src/components/ExamPracticeApp.tsx [Server Component]
    ./src/app/page.tsx [Server Component]

https://nextjs.org/docs/messages/module-not-found
[2026-08-16T04:58:38.025Z] [log] [Fast Refresh] rebuilding
[2026-08-16T04:58:58.321Z] [error] ./src/components/GradingOverlay.tsx:3:1
Error: Module not found: Can't resolve '@/data/examData'
  1 | "use client";
  2 |
> 3 | import { GRADE_STEPS } from "@/data/examData";
    | ^^^^^^^^^^^^^^^^^^^^^^^^^^^^^^^^^^^^^^^^^^^^^^
  4 |
  5 | export function GradingOverlay({ gradeStep }: { gradeStep: number }) {
  6 |   return (

Import map: aliased to relative './src/data/examData' inside of [project]/

Import traces:
  Client Component Browser:
    ./src/components/GradingOverlay.tsx [Client Component Browser]
    ./src/components/ExamPracticeApp.tsx [Client Component Browser]
    ./src/components/ExamPracticeApp.tsx [Server Component]
    ./src/app/page.tsx [Server Component]

  Client Component SSR:
    ./src/components/GradingOverlay.tsx [Client Component SSR]
    ./src/components/ExamPracticeApp.tsx [Client Component SSR]
    ./src/components/ExamPracticeApp.tsx [Server Component]
    ./src/app/page.tsx [Server Component]

https://nextjs.org/docs/messages/module-not-found
[2026-08-16T04:58:58.321Z] [error] ./src/components/screens/PracticeScreen.tsx:3:1
Error: Module not found: Can't resolve '@/data/examData'
  1 | "use client";
  2 |
> 3 | import { PRACTICE } from "@/data/examData";
    | ^^^^^^^^^^^^^^^^^^^^^^^^^^^^^^^^^^^^^^^^^^^
  4 | import { Rich } from "@/components/Rich";
  5 | import type { ExamPracticeState } from "@/hooks/useExamPractice";
  6 |

Import map: aliased to relative './src/data/examData' inside of [project]/

Import traces:
  Client Component Browser:
    ./src/components/screens/PracticeScreen.tsx [Client Component Browser]
    ./src/components/ExamPracticeApp.tsx [Client Component Browser]
    ./src/components/ExamPracticeApp.tsx [Server Component]
    ./src/app/page.tsx [Server Component]

  Client Component SSR:
    ./src/components/screens/PracticeScreen.tsx [Client Component SSR]
    ./src/components/ExamPracticeApp.tsx [Client Component SSR]
    ./src/components/ExamPracticeApp.tsx [Server Component]
    ./src/app/page.tsx [Server Component]

https://nextjs.org/docs/messages/module-not-found
[2026-08-16T04:58:58.321Z] [error] ./src/components/screens/WeakScreen.tsx:3:1
Error: Module not found: Can't resolve '@/data/examData'
  1 | "use client";
  2 |
> 3 | import { ERROR_TYPES, HEAT, TOPICS, TREND } from "@/data/examData";
    | ^^^^^^^^^^^^^^^^^^^^^^^^^^^^^^^^^^^^^^^^^^^^^^^^^^^^^^^^^^^^^^^^^^^
  4 | import type { Screen } from "@/lib/types";
  5 |
  6 | const HEAT_CELL_COLORS = ["transparent", "var(--color-accent-200)", "var(--color-...

Import map: aliased to relative './src/data/examData' inside of [project]/

Import traces:
  Client Component Browser:
    ./src/components/screens/WeakScreen.tsx [Client Component Browser]
    ./src/components/ExamPracticeApp.tsx [Client Component Browser]
    ./src/components/ExamPracticeApp.tsx [Server Component]
    ./src/app/page.tsx [Server Component]

  Client Component SSR:
    ./src/components/screens/WeakScreen.tsx [Client Component SSR]
    ./src/components/ExamPracticeApp.tsx [Client Component SSR]
    ./src/components/ExamPracticeApp.tsx [Server Component]
    ./src/app/page.tsx [Server Component]

https://nextjs.org/docs/messages/module-not-found
[2026-08-16T04:58:58.322Z] [log] [Fast Refresh] rebuilding
[2026-08-16T04:59:02.768Z] [log] [Fast Refresh] rebuilding
[2026-08-16T04:59:03.271Z] [error] ./src/components/GradingOverlay.tsx:3:1
Error: Module not found: Can't resolve '@/data/examData'
  1 | "use client";
  2 |
> 3 | import { GRADE_STEPS } from "@/data/examData";
    | ^^^^^^^^^^^^^^^^^^^^^^^^^^^^^^^^^^^^^^^^^^^^^^
  4 |
  5 | export function GradingOverlay({ gradeStep }: { gradeStep: number }) {
  6 |   return (

Import map: aliased to relative './src/data/examData' inside of [project]/

Import traces:
  Client Component Browser:
    ./src/components/GradingOverlay.tsx [Client Component Browser]
    ./src/components/ExamPracticeApp.tsx [Client Component Browser]
    ./src/components/ExamPracticeApp.tsx [Server Component]
    ./src/app/page.tsx [Server Component]

  Client Component SSR:
    ./src/components/GradingOverlay.tsx [Client Component SSR]
    ./src/components/ExamPracticeApp.tsx [Client Component SSR]
    ./src/components/ExamPracticeApp.tsx [Server Component]
    ./src/app/page.tsx [Server Component]

https://nextjs.org/docs/messages/module-not-found
[2026-08-16T04:59:03.272Z] [error] ./src/components/screens/PracticeScreen.tsx:3:1
Error: Module not found: Can't resolve '@/data/examData'
  1 | "use client";
  2 |
> 3 | import { PRACTICE } from "@/data/examData";
    | ^^^^^^^^^^^^^^^^^^^^^^^^^^^^^^^^^^^^^^^^^^^
  4 | import { Rich } from "@/components/Rich";
  5 | import type { ExamPracticeState } from "@/hooks/useExamPractice";
  6 |

Import map: aliased to relative './src/data/examData' inside of [project]/

Import traces:
  Client Component Browser:
    ./src/components/screens/PracticeScreen.tsx [Client Component Browser]
    ./src/components/ExamPracticeApp.tsx [Client Component Browser]
    ./src/components/ExamPracticeApp.tsx [Server Component]
    ./src/app/page.tsx [Server Component]

  Client Component SSR:
    ./src/components/screens/PracticeScreen.tsx [Client Component SSR]
    ./src/components/ExamPracticeApp.tsx [Client Component SSR]
    ./src/components/ExamPracticeApp.tsx [Server Component]
    ./src/app/page.tsx [Server Component]

https://nextjs.org/docs/messages/module-not-found
[2026-08-16T04:59:04.003Z] [error] ./src/components/GradingOverlay.tsx:3:1
Error: Module not found: Can't resolve '@/data/examData'
  1 | "use client";
  2 |
> 3 | import { GRADE_STEPS } from "@/data/examData";
    | ^^^^^^^^^^^^^^^^^^^^^^^^^^^^^^^^^^^^^^^^^^^^^^
  4 |
  5 | export function GradingOverlay({ gradeStep }: { gradeStep: number }) {
  6 |   return (

Import map: aliased to relative './src/data/examData' inside of [project]/

Import traces:
  Client Component Browser:
    ./src/components/GradingOverlay.tsx [Client Component Browser]
    ./src/components/ExamPracticeApp.tsx [Client Component Browser]
    ./src/components/ExamPracticeApp.tsx [Server Component]
    ./src/app/page.tsx [Server Component]

  Client Component SSR:
    ./src/components/GradingOverlay.tsx [Client Component SSR]
    ./src/components/ExamPracticeApp.tsx [Client Component SSR]
    ./src/components/ExamPracticeApp.tsx [Server Component]
    ./src/app/page.tsx [Server Component]

https://nextjs.org/docs/messages/module-not-found
[2026-08-16T04:59:04.003Z] [error] ./src/components/screens/PracticeScreen.tsx:3:1
Error: Module not found: Can't resolve '@/data/examData'
  1 | "use client";
  2 |
> 3 | import { PRACTICE } from "@/data/examData";
    | ^^^^^^^^^^^^^^^^^^^^^^^^^^^^^^^^^^^^^^^^^^^
  4 | import { Rich } from "@/components/Rich";
  5 | import type { ExamPracticeState } from "@/hooks/useExamPractice";
  6 |

Import map: aliased to relative './src/data/examData' inside of [project]/

Import traces:
  Client Component Browser:
    ./src/components/screens/PracticeScreen.tsx [Client Component Browser]
    ./src/components/ExamPracticeApp.tsx [Client Component Browser]
    ./src/components/ExamPracticeApp.tsx [Server Component]
    ./src/app/page.tsx [Server Component]

  Client Component SSR:
    ./src/components/screens/PracticeScreen.tsx [Client Component SSR]
    ./src/components/ExamPracticeApp.tsx [Client Component SSR]
    ./src/components/ExamPracticeApp.tsx [Server Component]
    ./src/app/page.tsx [Server Component]

https://nextjs.org/docs/messages/module-not-found
[2026-08-16T04:59:08.824Z] [error] ./src/components/GradingOverlay.tsx:3:1
Error: Module not found: Can't resolve '@/data/examData'
  1 | "use client";
  2 |
> 3 | import { GRADE_STEPS } from "@/data/examData";
    | ^^^^^^^^^^^^^^^^^^^^^^^^^^^^^^^^^^^^^^^^^^^^^^
  4 |
  5 | export function GradingOverlay({ gradeStep }: { gradeStep: number }) {
  6 |   return (

Import map: aliased to relative './src/data/examData' inside of [project]/

Import traces:
  Client Component Browser:
    ./src/components/GradingOverlay.tsx [Client Component Browser]
    ./src/components/ExamPracticeApp.tsx [Client Component Browser]
    ./src/components/ExamPracticeApp.tsx [Server Component]
    ./src/app/page.tsx [Server Component]

  Client Component SSR:
    ./src/components/GradingOverlay.tsx [Client Component SSR]
    ./src/components/ExamPracticeApp.tsx [Client Component SSR]
    ./src/components/ExamPracticeApp.tsx [Server Component]
    ./src/app/page.tsx [Server Component]

https://nextjs.org/docs/messages/module-not-found
[2026-08-16T04:59:08.834Z] [error] ./src/components/screens/PracticeScreen.tsx:3:1
Error: Module not found: Can't resolve '@/data/examData'
  1 | "use client";
  2 |
> 3 | import { PRACTICE } from "@/data/examData";
    | ^^^^^^^^^^^^^^^^^^^^^^^^^^^^^^^^^^^^^^^^^^^
  4 | import { Rich } from "@/components/Rich";
  5 | import type { ExamPracticeState } from "@/hooks/useExamPractice";
  6 |

Import map: aliased to relative './src/data/examData' inside of [project]/

Import traces:
  Client Component Browser:
    ./src/components/screens/PracticeScreen.tsx [Client Component Browser]
    ./src/components/ExamPracticeApp.tsx [Client Component Browser]
    ./src/components/ExamPracticeApp.tsx [Server Component]
    ./src/app/page.tsx [Server Component]

  Client Component SSR:
    ./src/components/screens/PracticeScreen.tsx [Client Component SSR]
    ./src/components/ExamPracticeApp.tsx [Client Component SSR]
    ./src/components/ExamPracticeApp.tsx [Server Component]
    ./src/app/page.tsx [Server Component]

https://nextjs.org/docs/messages/module-not-found
[2026-08-16T04:59:15.688Z] [log] [Fast Refresh] rebuilding
[2026-08-16T04:59:15.689Z] [error] ./src/components/GradingOverlay.tsx:3:1
Error: Module not found: Can't resolve '@/data/examData'
  1 | "use client";
  2 |
> 3 | import { GRADE_STEPS } from "@/data/examData";
    | ^^^^^^^^^^^^^^^^^^^^^^^^^^^^^^^^^^^^^^^^^^^^^^
  4 |
  5 | export function GradingOverlay({ gradeStep }: { gradeStep: number }) {
  6 |   return (

Import map: aliased to relative './src/data/examData' inside of [project]/

Import traces:
  Client Component Browser:
    ./src/components/GradingOverlay.tsx [Client Component Browser]
    ./src/components/ExamPracticeApp.tsx [Client Component Browser]
    ./src/components/ExamPracticeApp.tsx [Server Component]
    ./src/app/page.tsx [Server Component]

  Client Component SSR:
    ./src/components/GradingOverlay.tsx [Client Component SSR]
    ./src/components/ExamPracticeApp.tsx [Client Component SSR]
    ./src/components/ExamPracticeApp.tsx [Server Component]
    ./src/app/page.tsx [Server Component]

https://nextjs.org/docs/messages/module-not-found
[2026-08-16T04:59:18.667Z] [error] ./src/components/GradingOverlay.tsx:3:1
Error: Module not found: Can't resolve '@/data/examData'
  1 | "use client";
  2 |
> 3 | import { GRADE_STEPS } from "@/data/examData";
    | ^^^^^^^^^^^^^^^^^^^^^^^^^^^^^^^^^^^^^^^^^^^^^^
  4 |
  5 | export function GradingOverlay({ gradeStep }: { gradeStep: number }) {
  6 |   return (

Import map: aliased to relative './src/data/examData' inside of [project]/

Import traces:
  Client Component Browser:
    ./src/components/GradingOverlay.tsx [Client Component Browser]
    ./src/components/ExamPracticeApp.tsx [Client Component Browser]
    ./src/components/ExamPracticeApp.tsx [Server Component]
    ./src/app/page.tsx [Server Component]

  Client Component SSR:
    ./src/components/GradingOverlay.tsx [Client Component SSR]
    ./src/components/ExamPracticeApp.tsx [Client Component SSR]
    ./src/components/ExamPracticeApp.tsx [Server Component]
    ./src/app/page.tsx [Server Component]

https://nextjs.org/docs/messages/module-not-found
[2026-08-16T04:59:21.964Z] [error] ./src/components/GradingOverlay.tsx:3:1
Error: Module not found: Can't resolve '@/data/examData'
  1 | "use client";
  2 |
> 3 | import { GRADE_STEPS } from "@/data/examData";
    | ^^^^^^^^^^^^^^^^^^^^^^^^^^^^^^^^^^^^^^^^^^^^^^
  4 |
  5 | export function GradingOverlay({ gradeStep }: { gradeStep: number }) {
  6 |   return (

Import map: aliased to relative './src/data/examData' inside of [project]/

Import traces:
  Client Component Browser:
    ./src/components/GradingOverlay.tsx [Client Component Browser]
    ./src/components/ExamPracticeApp.tsx [Client Component Browser]
    ./src/components/ExamPracticeApp.tsx [Server Component]
    ./src/app/page.tsx [Server Component]

  Client Component SSR:
    ./src/components/GradingOverlay.tsx [Client Component SSR]
    ./src/components/ExamPracticeApp.tsx [Client Component SSR]
    ./src/components/ExamPracticeApp.tsx [Server Component]
    ./src/app/page.tsx [Server Component]

https://nextjs.org/docs/messages/module-not-found
[2026-08-16T04:59:21.964Z] [error] ./src/components/GradingOverlay.tsx:3:1
Error: Module not found: Can't resolve '@/data/examData'
  1 | "use client";
  2 |
> 3 | import { GRADE_STEPS } from "@/data/examData";
    | ^^^^^^^^^^^^^^^^^^^^^^^^^^^^^^^^^^^^^^^^^^^^^^
  4 |
  5 | export function GradingOverlay({ gradeStep }: { gradeStep: number }) {
  6 |   return (

Import map: aliased to relative './src/data/examData' inside of [project]/

Import traces:
  Client Component Browser:
    ./src/components/GradingOverlay.tsx [Client Component Browser]
    ./src/components/ExamPracticeApp.tsx [Client Component Browser]
    ./src/components/ExamPracticeApp.tsx [Server Component]
    ./src/app/page.tsx [Server Component]

  Client Component SSR:
    ./src/components/GradingOverlay.tsx [Client Component SSR]
    ./src/components/ExamPracticeApp.tsx [Client Component SSR]
    ./src/components/ExamPracticeApp.tsx [Server Component]
    ./src/app/page.tsx [Server Component]

https://nextjs.org/docs/messages/module-not-found
[2026-08-16T04:59:22.013Z] [log] [Fast Refresh] rebuilding
[2026-08-16T04:59:50.736Z] [error] ./src/components/GradingOverlay.tsx:3:1
Error: Module not found: Can't resolve '@/data/examData'
  1 | "use client";
  2 |
> 3 | import { GRADE_STEPS } from "@/data/examData";
    | ^^^^^^^^^^^^^^^^^^^^^^^^^^^^^^^^^^^^^^^^^^^^^^
  4 |
  5 | export function GradingOverlay({ gradeStep }: { gradeStep: number }) {
  6 |   return (

Import map: aliased to relative './src/data/examData' inside of [project]/

Import traces:
  Client Component Browser:
    ./src/components/GradingOverlay.tsx [Client Component Browser]
    ./src/components/ExamPracticeApp.tsx [Client Component Browser]
    ./src/components/ExamPracticeApp.tsx [Server Component]
    ./src/app/page.tsx [Server Component]

  Client Component SSR:
    ./src/components/GradingOverlay.tsx [Client Component SSR]
    ./src/components/ExamPracticeApp.tsx [Client Component SSR]
    ./src/components/ExamPracticeApp.tsx [Server Component]
    ./src/app/page.tsx [Server Component]

https://nextjs.org/docs/messages/module-not-found
[2026-08-16T04:59:50.743Z] [log] [Fast Refresh] rebuilding
[2026-08-16T05:00:04.780Z] [log] [Fast Refresh] rebuilding
[2026-08-16T05:00:06.571Z] [warning] [Fast Refresh] performing full reload

Fast Refresh will perform a full reload when you edit a file that's imported by modules outside of the React rendering tree.
You might have a file which exports a React component but also exports a value that is imported by a non-React component file.
Consider migrating the non-React component export to a separate file and importing it into both files.

It is also possible the parent component of the component you edited is a class component, which disables Fast Refresh.
Fast Refresh requires at least one parent function component in your React tree.
[2026-08-16T05:00:06.652Z] [log] [Fast Refresh] done in 1446ms
[2026-08-16T05:00:08.261Z] [info] %cDownload the React DevTools for a better development experience: https://react.dev/link/react-devtools font-weight:bold
[2026-08-16T05:00:08.433Z] [log] [HMR] connected
[2026-08-16T05:00:08.656Z] [log] [Fast Refresh] rebuilding
[2026-08-16T05:00:08.747Z] [log] [Fast Refresh] done in 192ms
[2026-08-16T05:00:27.842Z] [log] [Fast Refresh] rebuilding
[2026-08-16T05:00:27.963Z] [log] [Fast Refresh] done in 93ms
[2026-08-16T05:00:41.435Z] [log] [Fast Refresh] rebuilding
[2026-08-16T05:00:41.701Z] [log] [Fast Refresh] done in 385ms
[2026-08-16T05:00:41.820Z] [log] [Fast Refresh] done in 385ms
[2026-08-16T05:00:44.461Z] [log] [Fast Refresh] done in 385ms
[2026-08-16T05:00:49.465Z] [log] [Fast Refresh] done in 385ms
[2026-08-16T05:01:48.880Z] [log] [Fast Refresh] rebuilding
[2026-08-16T05:01:48.953Z] [error] ./src/hooks/useExamPractice.ts:164:10
Error: the name `remarking` is defined multiple times
  162 |     setMarkDraft((d) => ({ ...d, [id]: { ...(d[id] ?? { score: "", note: "" }),...
  163 |   }, []);
> 164 |   const [remarking, setRemarking] = useState(false);
      |          ^^^^^^^^^
  165 |   useEffect(() => {
  166 |     if (screen !== "graded") setRemarking(false);
  167 |   }, [screen]);

Ecmascript file had an error

Import traces:
  Client Component Browser:
    ./src/hooks/useExamPractice.ts [Client Component Browser]
    ./src/components/ExamPracticeApp.tsx [Client Component Browser]
    ./src/components/ExamPracticeApp.tsx [Server Component]
    ./src/app/page.tsx [Server Component]

  Client Component SSR:
    ./src/hooks/useExamPractice.ts [Client Component SSR]
    ./src/components/ExamPracticeApp.tsx [Client Component SSR]
    ./src/components/ExamPracticeApp.tsx [Server Component]
    ./src/app/page.tsx [Server Component]
[2026-08-16T05:01:48.953Z] [error] ./src/hooks/useExamPractice.ts:164:21
Error: the name `setRemarking` is defined multiple times
  162 |     setMarkDraft((d) => ({ ...d, [id]: { ...(d[id] ?? { score: "", note: "" }),...
  163 |   }, []);
> 164 |   const [remarking, setRemarking] = useState(false);
      |                     ^^^^^^^^^^^^
  165 |   useEffect(() => {
  166 |     if (screen !== "graded") setRemarking(false);
  167 |   }, [screen]);

Ecmascript file had an error

Import traces:
  Client Component Browser:
    ./src/hooks/useExamPractice.ts [Client Component Browser]
    ./src/components/ExamPracticeApp.tsx [Client Component Browser]
    ./src/components/ExamPracticeApp.tsx [Server Component]
    ./src/app/page.tsx [Server Component]

  Client Component SSR:
    ./src/hooks/useExamPractice.ts [Client Component SSR]
    ./src/components/ExamPracticeApp.tsx [Client Component SSR]
    ./src/components/ExamPracticeApp.tsx [Server Component]
    ./src/app/page.tsx [Server Component]
[2026-08-16T05:01:49.125Z] [error] ./src/hooks/useExamPractice.ts:164:10
Error: the name `remarking` is defined multiple times
  162 |     setMarkDraft((d) => ({ ...d, [id]: { ...(d[id] ?? { score: "", note: "" }),...
  163 |   }, []);
> 164 |   const [remarking, setRemarking] = useState(false);
      |          ^^^^^^^^^
  165 |   useEffect(() => {
  166 |     if (screen !== "graded") setRemarking(false);
  167 |   }, [screen]);

Ecmascript file had an error

Import traces:
  Client Component Browser:
    ./src/hooks/useExamPractice.ts [Client Component Browser]
    ./src/components/ExamPracticeApp.tsx [Client Component Browser]
    ./src/components/ExamPracticeApp.tsx [Server Component]
    ./src/app/page.tsx [Server Component]

  Client Component SSR:
    ./src/hooks/useExamPractice.ts [Client Component SSR]
    ./src/components/ExamPracticeApp.tsx [Client Component SSR]
    ./src/components/ExamPracticeApp.tsx [Server Component]
    ./src/app/page.tsx [Server Component]
[2026-08-16T05:01:49.125Z] [error] ./src/hooks/useExamPractice.ts:164:21
Error: the name `setRemarking` is defined multiple times
  162 |     setMarkDraft((d) => ({ ...d, [id]: { ...(d[id] ?? { score: "", note: "" }),...
  163 |   }, []);
> 164 |   const [remarking, setRemarking] = useState(false);
      |                     ^^^^^^^^^^^^
  165 |   useEffect(() => {
  166 |     if (screen !== "graded") setRemarking(false);
  167 |   }, [screen]);

Ecmascript file had an error

Import traces:
  Client Component Browser:
    ./src/hooks/useExamPractice.ts [Client Component Browser]
    ./src/components/ExamPracticeApp.tsx [Client Component Browser]
    ./src/components/ExamPracticeApp.tsx [Server Component]
    ./src/app/page.tsx [Server Component]

  Client Component SSR:
    ./src/hooks/useExamPractice.ts [Client Component SSR]
    ./src/components/ExamPracticeApp.tsx [Client Component SSR]
    ./src/components/ExamPracticeApp.tsx [Server Component]
    ./src/app/page.tsx [Server Component]
[2026-08-16T05:02:14.380Z] [log] [Fast Refresh] rebuilding
[2026-08-16T05:02:14.549Z] [log] [Fast Refresh] done in 196ms
[2026-08-16T05:02:14.867Z] [log] [Fast Refresh] done in 196ms
[2026-08-16T05:02:15.300Z] [log] [Fast Refresh] done in 196ms
[2026-08-16T05:02:26.458Z] [log] [Fast Refresh] rebuilding
[2026-08-16T05:02:26.489Z] [log] [Fast Refresh] done in 55ms
[2026-08-16T05:02:26.517Z] [log] [Fast Refresh] done in 55ms
[2026-08-16T05:02:26.551Z] [log] [Fast Refresh] done in 55ms
[2026-08-16T05:02:33.516Z] [log] [Fast Refresh] rebuilding
[2026-08-16T05:02:33.575Z] [log] [Fast Refresh] done in 84ms
[2026-08-16T05:02:33.623Z] [log] [Fast Refresh] done in 84ms
[2026-08-16T05:02:39.332Z] [log] [Fast Refresh] rebuilding
[2026-08-16T05:02:39.332Z] [log] [Fast Refresh] done in 24ms
[2026-08-16T05:02:39.387Z] [log] [Fast Refresh] done in 24ms
[2026-08-16T05:02:46.062Z] [log] [Fast Refresh] rebuilding
[2026-08-16T05:02:46.139Z] [log] [Fast Refresh] done in 13ms
[2026-08-16T05:02:58.096Z] [log] [Fast Refresh] rebuilding
[2026-08-16T05:02:58.122Z] [log] [Fast Refresh] done in 21ms
[2026-08-16T05:02:58.169Z] [log] [Fast Refresh] done in 21ms
[2026-08-16T05:02:58.387Z] [log] [Fast Refresh] done in 21ms
[2026-08-16T05:03:34.744Z] [log] [Fast Refresh] done in 21ms
[2026-08-16T05:03:43.991Z] [log] [Fast Refresh] done in 21ms
[2026-08-16T05:03:44.444Z] [info] %cDownload the React DevTools for a better development experience: https://react.dev/link/react-devtools font-weight:bold
[2026-08-16T05:03:44.699Z] [log] [HMR] connected
[2026-08-16T05:09:18.804Z] [log] [Fast Refresh] rebuilding
[2026-08-16T05:09:18.805Z] [log] [Fast Refresh] done in 149ms
[2026-08-16T05:13:41.160Z] [log] [Fast Refresh] rebuilding
[2026-08-16T05:13:42.497Z] [log] [Fast Refresh] done in 1575ms
[2026-08-16T05:13:42.559Z] [log] [Fast Refresh] done in 1575ms
[2026-08-16T05:14:20.775Z] [log] [Fast Refresh] done in 1575ms
[2026-08-16T05:14:39.972Z] [log] [Fast Refresh] done in 1575ms
[2026-08-16T05:15:03.179Z] [log] [Fast Refresh] done in 1575ms
[2026-08-16T05:15:08.388Z] [log] [Fast Refresh] done in 1575ms
[2026-08-16T05:17:36.521Z] [log] [Fast Refresh] done in 1575ms
[2026-08-16T05:21:38.651Z] [log] [Fast Refresh] rebuilding
[2026-08-16T05:21:44.420Z] [log] [Fast Refresh] done in 4504ms
[2026-08-16T05:21:44.426Z] [log] [Fast Refresh] done in 4504ms
[2026-08-16T05:22:33.466Z] [log] [Fast Refresh] rebuilding
[2026-08-16T05:22:35.395Z] [log] [Fast Refresh] done in 2354ms
[2026-08-16T05:22:35.395Z] [log] [Fast Refresh] done in 2354ms
[2026-08-16T05:22:36.997Z] [log] [Fast Refresh] done in 2354ms
[2026-08-16T05:22:57.927Z] [log] [Fast Refresh] rebuilding
[2026-08-16T05:22:59.530Z] [log] [Fast Refresh] done in 2047ms
[2026-08-16T05:22:59.539Z] [log] [Fast Refresh] done in 2047ms
[2026-08-16T05:22:59.567Z] [log] [Fast Refresh] done in 2047ms
[2026-08-16T05:23:16.661Z] [log] [Fast Refresh] done in 2047ms
